,Title,Winner,Award,Year
0,Belfast,N,Picture,2021
1,CODA,Y,Picture,2021
2,Don't Look Up,N,Picture,2021
3,Drive My Car,N,Picture,2021
4,Dune,N,Picture,2021
5,King Richard,N,Picture,2021
6,Licorice Pizza,N,Picture,2021
7,Nightmare Alley,N,Picture,2021
8,The Power of the Dog,N,Picture,2021
9,West Side Story,N,Picture,2021
10,Jessica Chastain,Y,Actress,2021
11,Olivia Colman,N,Actress,2021
12,Penélope Cruz,N,Actress,2021
13,Nicole Kidman,N,Actress,2021
14,Kristen Stewart,N,Actress,2021
15,Javier Bardem,N,Actor,2021
16,Benedict Cumberbatch,N,Actor,2021
17,Andrew Garfield,N,Actor,2021
18,Will Smith,Y,Actor,2021
19,Denzel Washington,N,Actor,2021
20,Ciarán Hinds,N,Supporting Actor,2021
21,Troy Kotsur,Y,Supporting Actor,2021
22,Jesse Plemons,N,Supporting Actor,2021
23,J.K. Simmons,N,Supporting Actor,2021
24,Kodi Smit-McPhee,N,Supporting Actor,2021
25,Jessie Buckley,N,Supporting Actress,2021
26,Ariana DeBose,Y,Supporting Actress,2021
27,Judi Dench,N,Supporting Actress,2021
28,Kirsten Dunst,N,Supporting Actress,2021
29,Aunjanue Ellis,N,Supporting Actress,2021
30,Nomadland,Y,Picture,2020
31,Judas and the Black Messiah,N,Picture,2020
32,Mank,N,Picture,2020
33,Minari,N,Picture,2020
34,Promising Young Woman,N,Picture,2020
35,Sound of Metal,N,Picture,2020
36,The Father,N,Picture,2020
37,The Trial of the Chicago 7,N,Picture,2020
38,Anthony Hopkins,Y,Actor,2020
39,Riz Ahmed,N,Actor,2020
40,Chadwick Boseman,N,Actor,2020
41,Gary Oldman,N,Actor,2020
42,Steven Yeun,N,Actor,2020
43,Frances McDormand,Y,Actress,2020
44,Viola Davis,N,Actress,2020
45,Andra Day,N,Actress,2020
46,Vanessa Kirby,N,Actress,2020
47,Carey Mulligan,N,Actress,2020
48,Daniel Kaluuya,Y,Supporting Actor,2020
49,Sacha Baron Cohen,N,Supporting Actor,2020
50,Leslie Odom Jr,N,Supporting Actor,2020
51,Paul Raci,N,Supporting Actor,2020
52,Lakeith Stanfield,N,Supporting Actor,2020
53,Youn Yuh-jang,Y,Supporting Actress,2020
54,Maria Bakalova,N,Supporting Actress,2020
55,Glenn Close,N,Supporting Actress,2020
56,Olivia Colman,N,Supporting Actress,2020
57,Amanda Seyfried,N,Supporting Actress,2020
58,Parasite,Y,Picture,2019
59,1917,N,Picture,2019
60,Ford v Ferrari,N,Picture,2019
61,Jojo Rabbit,N,Picture,2019
62,Joker,N,Picture,2019
63,Little Women,N,Picture,2019
64,Marriage Story,N,Picture,2019
65,Once Upon a Time in Hollywood,N,Picture,2019
66,The Irishman,N,Picture,2019
67,Joaquin Phoenix,Y,Actor,2019
68,Leonardo DiCaprio,N,Actor,2019
69,Adam Driver,N,Actor,2019
70,Antonio Banderas,N,Actor,2019
71,Jonathan Pryce,N,Actor,2019
72,Renee Zellweger,Y,Actress,2019
73,Cynthia Erivo,N,Actress,2019
74,Scarlett Johansson,N,Actress,2019
75,Saoirse Ronan,N,Actress,2019
76,Charlize Theron,N,Actress,2019
77,Brad Pitt,Y,Supporting Actor,2019
78,Tom Hanks,N,Supporting Actor,2019
79,Anthony Hopkins,N,Supporting Actor,2019
80,Al Pacino,N,Supporting Actor,2019
81,Joe Pesci,N,Supporting Actor,2019
82,Laura Dern,Y,Supporting Actress,2019
83,Kathy Bates,N,Supporting Actress,2019
84,Scarlett Johansson,N,Supporting Actress,2019
85,Florence Pugh,N,Supporting Actress,2019
86,Margot Robbie,N,Supporting Actress,2019
87,Green Book,Y,Picture,2018
88,A Star Is Born,N,Picture,2018
89,Black Panther,N,Picture,2018
90,BlacKkKlansman,N,Picture,2018
91,Bohemian Rhapsody,N,Picture,2018
92,Roma,N,Picture,2018
93,The Favourite,N,Picture,2018
94,Vice,N,Picture,2018
95,Rami Malek,Y,Actor,2018
96,Christian Bale,N,Actor,2018
97,Bradley Cooper,N,Actor,2018
98,Willem Dafoe,N,Actor,2018
99,Viggo Mortensen,N,Actor,2018
100,Olivia Colman,Y,Actress,2018
101,Yalitza Aparicio,N,Actress,2018
102,Glenn Close,N,Actress,2018
103,Lady Gaga,N,Actress,2018
104,Melissa McCarthy,N,Actress,2018
105,Mahershala Ali,Y,Supporting Actor,2018
106,Adam Driver,N,Supporting Actor,2018
107,Sam Elliott,N,Supporting Actor,2018
108,Richard E. Grant,N,Supporting Actor,2018
109,Sam Rockwell,N,Supporting Actor,2018
110,Regina King,Y,Supporting Actress,2018
111,Amy Adams,N,Supporting Actress,2018
112,Marina de Tavira,N,Supporting Actress,2018
113,Emma Stone,N,Supporting Actress,2018
114,Rachel Weisz,N,Supporting Actress,2018
115,The Shape of Water,Y,Picture,2017
116,Call Me by Your Name,N,Picture,2017
117,Darkest Hour,N,Picture,2017
118,Dunkirk,N,Picture,2017
119,Get Out,N,Picture,2017
120,Lady Bird,N,Picture,2017
121,Phantom Thread,N,Picture,2017
122,The Post,N,Picture,2017
123,"Three Billboards Outside Ebbing, Missouri",N,Picture,2017
124,Gary Oldman,Y,Actor,2017
125,Timothee Chalamet,N,Actor,2017
126,Daniel Day-Lewis,N,Actor,2017
127,Daniel Kaluuya,N,Actor,2017
128,Denzel Washington,N,Actor,2017
129,Frances McDormand,Y,Actress,2017
130,Sally Hawkins,N,Actress,2017
131,Margot Robbie,N,Actress,2017
132,Saoirse Ronan,N,Actress,2017
133,Meryl Streep,N,Actress,2017
134,Sam Rockwell,Y,Supporting Actor,2017
135,Willem Dafoe,N,Supporting Actor,2017
136,Woody Harrelson,N,Supporting Actor,2017
137,Richard Jenkins,N,Supporting Actor,2017
138,Christopher Plummer,N,Supporting Actor,2017
139,Allison Janney,Y,Supporting Actress,2017
140,Mary J. Blige,N,Supporting Actress,2017
141,Lesley Manville,N,Supporting Actress,2017
142,Laurie Metcalf,N,Supporting Actress,2017
143,Octavia Spencer,N,Supporting Actress,2017
144,Moonlight,Y,Picture,2016
145,Arrival,N,Picture,2016
146,Fences,N,Picture,2016
147,Hacksaw Ridge,N,Picture,2016
148,Hell or High Water,N,Picture,2016
149,Hidden Figures,N,Picture,2016
150,La La Land,N,Picture,2016
151,Lion,N,Picture,2016
152,Manchester by the Sea,N,Picture,2016
153,Casey Affleck,Y,Actor,2016
154,Andrew Garfield,N,Actor,2016
155,Ryan Gosling,N,Actor,2016
156,Viggo Mortensen,N,Actor,2016
157,Denzel Washington,N,Actor,2016
158,Emma Stone,Y,Actress,2016
159,Isabelle Huppert,N,Actress,2016
160,Ruth Negga,N,Actress,2016
161,Natalie Portman,N,Actress,2016
162,Meryl Streep,N,Actress,2016
163,Mahershala Ali,Y,Supporting Actor,2016
164,Jeff Bridges,N,Supporting Actor,2016
165,Lucas Hedges,N,Supporting Actor,2016
166,Dev Patel,N,Supporting Actor,2016
167,Michael Shannon,N,Supporting Actor,2016
168,Viola Davis,Y,Supporting Actress,2016
169,Naomie Harris,N,Supporting Actress,2016
170,Nicole Kidman,N,Supporting Actress,2016
171,Octavia Spencer,N,Supporting Actress,2016
172,Michelle Williams,N,Supporting Actress,2016
173,Spotlight,Y,Picture,2015
174,Bridge of Spies,N,Picture,2015
175,Brooklyn,N,Picture,2015
176,Mad Max: Fury Road,N,Picture,2015
177,Room,N,Picture,2015
178,The Big Short,N,Picture,2015
179,The Martian,N,Picture,2015
180,The Revenant,N,Picture,2015
181,Leonardo DiCaprio,Y,Actor,2015
182,Bryan Cranston,N,Actor,2015
183,Matt Damon,N,Actor,2015
184,Michael Fassbender,N,Actor,2015
185,Eddie Redmayne,N,Actor,2015
186,Brie Larson,Y,Actress,2015
187,Cate Blanchett,N,Actress,2015
188,Jennifer Lawrence,N,Actress,2015
189,Charlotte Rampling,N,Actress,2015
190,Saoirse Ronan,N,Actress,2015
191,Mark Rylance,Y,Supporting Actor,2015
192,Christian Bale,N,Supporting Actor,2015
193,Tom Hardy,N,Supporting Actor,2015
194,Mark Ruffalo,N,Supporting Actor,2015
195,Sylvester Stallone,N,Supporting Actor,2015
196,Alicia Vikander,Y,Supporting Actress,2015
197,Jennifer Jason Leigh,N,Supporting Actress,2015
198,Rooney Mara,N,Supporting Actress,2015
199,Rachel McAdams,N,Supporting Actress,2015
200,Kate Winslet,N,Supporting Actress,2015
201,Birdman,Y,Picture,2014
202,American Sniper,N,Picture,2014
203,Boyhood,N,Picture,2014
204,Selma,N,Picture,2014
205,The Grand Budapest Hotel,N,Picture,2014
206,The Imitation Game,N,Picture,2014
207,The Theory of Everything,N,Picture,2014
208,Whiplash,N,Picture,2014
209,Eddie Redmayne,Y,Actor,2014
210,Benedict Cumberbatch,N,Actor,2014
211,Bradley Cooper,N,Actor,2014
212,Michael Keaton,N,Actor,2014
213,Steve Carell,N,Actor,2014
214,Julianne Moore,Y,Actress,2014
215,Felicity Jones,N,Actress,2014
216,Marion Cotillard,N,Actress,2014
217,Reese Witherspoon,N,Actress,2014
218,Rosamund Pike,N,Actress,2014
219,J.K. Simmons,Y,Supporting Actor,2014
220,Edward Norton,N,Supporting Actor,2014
221,Ethan Hawke,N,Supporting Actor,2014
222,Mark Ruffalo,N,Supporting Actor,2014
223,Robert Duvall,N,Supporting Actor,2014
224,Patricia Arquette,Y,Supporting Actress,2014
225,Emma Stone,N,Supporting Actress,2014
226,Keira Knightley,N,Supporting Actress,2014
227,Laura Dern,N,Supporting Actress,2014
228,Meryl Streep,N,Supporting Actress,2014
229,12 Years a Slave,Y,Picture,2013
230,American Hustle,N,Picture,2013
231,Captain Phillips,N,Picture,2013
232,Dallas Buyers Club,N,Picture,2013
233,Gravity,N,Picture,2013
234,Her,N,Picture,2013
235,Nebraska,N,Picture,2013
236,Philomena,N,Picture,2013
237,The Wolf of Wall Street,N,Picture,2013
238,Matthew McConaughey,Y,Actor,2013
239,Christian Bale,N,Actor,2013
240,Bruce Dern,N,Actor,2013
241,Leonardo DiCaprio,N,Actor,2013
242,Chiwetel Ejiofor,N,Actor,2013
243,Cate Blanchett,Y,Actress,2013
244,Amy Adams,N,Actress,2013
245,Sandra Bullock,N,Actress,2013
246,Judi Dench,N,Actress,2013
247,Meryl Streep,N,Actress,2013
248,Jared Leto,Y,Supporting Actor,2013
249,Barkhad Abdi,N,Supporting Actor,2013
250,Bradley Cooper,N,Supporting Actor,2013
251,Michael Fassbender,N,Supporting Actor,2013
252,Jonah Hill,N,Supporting Actor,2013
253,Lupita Nyong'o,Y,Supporting Actress,2013
254,Sally Hawkins,N,Supporting Actress,2013
255,Jennifer Lawrence,N,Supporting Actress,2013
256,Julia Roberts,N,Supporting Actress,2013
257,June Squibb,N,Supporting Actress,2013
258,Amour,N,Picture,2012
259,Argo,Y,Picture,2012
260,Beasts of the Southern Wild,N,Picture,2012
261,Django Unchained,N,Picture,2012
262,Les Misérables,N,Picture,2012
263,Life of Pi,N,Picture,2012
264,Lincoln,N,Picture,2012
265,Silver Linings Playbook,N,Picture,2012
266,Zero Dark Thirty,N,Picture,2012
267,Bradley Cooper,N,Actor,2012
268,Daniel Day-Lewis,Y,Actor,2012
269,Hugh Jackman,N,Actor,2012
270,Joaquin Phoenix,N,Actor,2012
271,Denzel Washington,N,Actor,2012
272,Jessica Chastain,N,Actress,2012
273,Jennifer Lawrence,Y,Actress,2012
274,Emmanuelle Riva,N,Actress,2012
275,Quvenzhané Wallis,N,Actress,2012
276,Naomi Watts,N,Actress,2012
277,Alan Arkin,N,Supporting Actor,2012
278,Robert De Niro,N,Supporting Actor,2012
279,Philip Seymour Hoffman,N,Supporting Actor,2012
280,Tommy Lee Jones,N,Supporting Actor,2012
281,Christoph Waltz,Y,Supporting Actor,2012
282,Amy Adams,N,Supporting Actress,2012
283,Sally Field,N,Supporting Actress,2012
284,Anne Hathaway,Y,Supporting Actress,2012
285,Helen Hunt,N,Supporting Actress,2012
286,Jacki Weaver,N,Supporting Actress,2012
287,The Artist,Y,Picture,2011
288,Extremely Loud and Incredibly Close,N,Picture,2011
289,Hugo,N,Picture,2011
290,Midnight in Paris,N,Picture,2011
291,Moneyball,N,Picture,2011
292,The Descendants,N,Picture,2011
293,The Help,N,Picture,2011
294,The Tree of Life,N,Picture,2011
295,War Horse,N,Picture,2011
296,Jean Dujardin,Y,Actor,2011
297,Demian Bichir,N,Actor,2011
298,George Clooney,N,Actor,2011
299,Gary Oldman,N,Actor,2011
300,Brad Pitt,N,Actor,2011
301,Meryl Streep,Y,Actress,2011
302,Glenn Close,N,Actress,2011
303,Viola Davis,N,Actress,2011
304,Rooney Mara,N,Actress,2011
305,Michelle Williams,N,Actress,2011
306,Christopher Plummer,Y,Supporting Actor,2011
307,Kenneth Branagh,N,Supporting Actor,2011
308,Jonah Hill,N,Supporting Actor,2011
309,Nick Nolte,N,Supporting Actor,2011
310,Max von Sydow,N,Supporting Actor,2011
311,Octavia Spencer,Y,Supporting Actress,2011
312,Bérénice Bejo,N,Supporting Actress,2011
313,Jessica Chastain,N,Supporting Actress,2011
314,Melissa McCarthy,N,Supporting Actress,2011
315,Janet McTeer,N,Supporting Actress,2011
316,The King's Speech,Y,Picture,2010
317,127 Hours,N,Picture,2010
318,Black Swan,N,Picture,2010
319,Inception,N,Picture,2010
320,The Fighter,N,Picture,2010
321,The Kids Are All Right,N,Picture,2010
322,The Social Network,N,Picture,2010
323,Toy Story 3,N,Picture,2010
324,True Grit,N,Picture,2010
325,Winter's Bone,N,Picture,2010
326,Colin Firth,Y,Actor,2010
327,Javier Bardem,N,Actor,2010
328,Jeff Bridges,N,Actor,2010
329,Jesse Eisenberg,N,Actor,2010
330,James Franco,N,Actor,2010
331,Natalie Portman,Y,Actress,2010
332,Annette Bening,N,Actress,2010
333,Nicole Kidman,N,Actress,2010
334,Jennifer Lawrence,N,Actress,2010
335,Michelle Williams,N,Actress,2010
336,Christian Bale,Y,Supporting Actor,2010
337,John Hawkes,N,Supporting Actor,2010
338,Jeremy Renner,N,Supporting Actor,2010
339,Mark Ruffalo,N,Supporting Actor,2010
340,Geoffrey Rush,N,Supporting Actor,2010
341,Melissa Leo,Y,Supporting Actress,2010
342,Amy Adams,N,Supporting Actress,2010
343,Helena Bonham Carter,N,Supporting Actress,2010
344,Hailee Steinfeld,N,Supporting Actress,2010
345,Jacki Weaver,N,Supporting Actress,2010
346,The Hurt Locker,Y,Picture,2009
347,A Serious Man,N,Picture,2009
348,An Education,N,Picture,2009
349,Avatar,N,Picture,2009
350,District 9,N,Picture,2009
351,Inglourious Basterds,N,Picture,2009
352,Precious,N,Picture,2009
353,The Blind Side,N,Picture,2009
354,Up,N,Picture,2009
355,Up in the Air,N,Picture,2009
356,Jeff Bridges,Y,Actor,2009
357,George Clooney,N,Actor,2009
358,Colin Firth,N,Actor,2009
359,Morgan Freeman,N,Actor,2009
360,Jeremy Renner,N,Actor,2009
361,Sandra Bullock,Y,Actress,2009
362,Helen Mirren,N,Actress,2009
363,Carey Mulligan,N,Actress,2009
364,Gabourey Sidibe,N,Actress,2009
365,Meryl Streep,N,Actress,2009
366,Christoph Waltz,Y,Supporting Actor,2009
367,Matt Damon,N,Supporting Actor,2009
368,Woody Harrelson,N,Supporting Actor,2009
369,Christopher Plummer,N,Supporting Actor,2009
370,Stanley Tucci,N,Supporting Actor,2009
371,Mo'Nique,Y,Supporting Actress,2009
372,Penélope Cruz,N,Supporting Actress,2009
373,Vera Farmiga,N,Supporting Actress,2009
374,Maggie Gyllenhaal,N,Supporting Actress,2009
375,Anna Kendrick,N,Supporting Actress,2009
376,Slumdog Millionaire,Y,Picture,2008
377,Frost/Nixon,N,Picture,2008
378,Milk,N,Picture,2008
379,The Curious Case of Benjamin Button,N,Picture,2008
380,The Reader,N,Picture,2008
381,Sean Penn,Y,Actor,2008
382,Richard Jenkins,N,Actor,2008
383,Frank Langella,N,Actor,2008
384,Brad Pitt,N,Actor,2008
385,Mickey Rourke,N,Actor,2008
386,Kate Winslet,Y,Actress,2008
387,Anne Hathaway,N,Actress,2008
388,Angelina Jolie,N,Actress,2008
389,Melissa Leo,N,Actress,2008
390,Meryl Streep,N,Actress,2008
391,Heath Ledger,Y,Supporting Actor,2008
392,Josh Brolin,N,Supporting Actor,2008
393,"Robert Downey, Jr.",N,Supporting Actor,2008
394,Philip Seymour Hoffman,N,Supporting Actor,2008
395,Michael Shannon,N,Supporting Actor,2008
396,Penélope Cruz,Y,Supporting Actress,2008
397,Amy Adams,N,Supporting Actress,2008
398,Viola Davis,N,Supporting Actress,2008
399,Taraji P. Henson,N,Supporting Actress,2008
400,Marisa Tomei,N,Supporting Actress,2008
401,No Country for Old Men,Y,Picture,2007
402,Atonement,N,Picture,2007
403,Juno,N,Picture,2007
404,Michael Clayton,N,Picture,2007
405,There Will Be Blood,N,Picture,2007
406,Daniel Day-Lewis,Y,Actor,2007
407,George Clooney,N,Actor,2007
408,Johnny Depp,N,Actor,2007
409,Tommy Lee Jones,N,Actor,2007
410,Viggo Mortensen,N,Actor,2007
411,Marion Cotillard,Y,Actress,2007
412,Cate Blanchett,N,Actress,2007
413,Julie Christie,N,Actress,2007
414,Laura Linney,N,Actress,2007
415,Ellen Page,N,Actress,2007
416,Javier Bardem,Y,Supporting Actor,2007
417,Casey Affleck,N,Supporting Actor,2007
418,Philip Seymour Hoffman,N,Supporting Actor,2007
419,Hal Holbrook,N,Supporting Actor,2007
420,Tom Wilkinson,N,Supporting Actor,2007
421,Tilda Swinton,Y,Supporting Actress,2007
422,Cate Blanchett,N,Supporting Actress,2007
423,Ruby Dee,N,Supporting Actress,2007
424,Saoirse Ronan,N,Supporting Actress,2007
425,Amy Ryan,N,Supporting Actress,2007
426,The Departed,Y,Picture,2006
427,Babel,N,Picture,2006
428,Letters from Iwo Jima,N,Picture,2006
429,Little Miss Sunshine,N,Picture,2006
430,The Queen,N,Picture,2006
431,Forest Whitaker,Y,Actor,2006
432,Leonardo DiCaprio,N,Actor,2006
433,Ryan Gosling,N,Actor,2006
434,Peter O'Toole,N,Actor,2006
435,Will Smith,N,Actor,2006
436,Helen Mirren,Y,Actress,2006
437,Penélope Cruz,N,Actress,2006
438,Judi Dench,N,Actress,2006
439,Meryl Streep,N,Actress,2006
440,Kate Winslet,N,Actress,2006
441,Alan Arkin,Y,Supporting Actor,2006
442,Jackie Earle Haley,N,Supporting Actor,2006
443,Djimon Hounsou,N,Supporting Actor,2006
444,Eddie Murphy,N,Supporting Actor,2006
445,Mark Wahlberg,N,Supporting Actor,2006
446,Jennifer Hudson,Y,Supporting Actress,2006
447,Adriana Barraza,N,Supporting Actress,2006
448,Cate Blanchett,N,Supporting Actress,2006
449,Abigail Breslin,N,Supporting Actress,2006
450,Rinko Kikuchi,N,Supporting Actress,2006
451,Crash,Y,Picture,2005
452,Brokeback Mountain,N,Picture,2005
453,Capote,N,Picture,2005
454,"Good Night, and Good Luck",N,Picture,2005
455,Munich,N,Picture,2005
456,Philip Seymour Hoffman,Y,Actor,2005
457,Terrence Howard,N,Actor,2005
458,Heath Ledger,N,Actor,2005
459,Joaquin Phoenix,N,Actor,2005
460,David Strathairn,N,Actor,2005
461,Reese Witherspoon,Y,Actress,2005
462,Judi Dench,N,Actress,2005
463,Felicity Huffman,N,Actress,2005
464,Keira Knightley,N,Actress,2005
465,Charlize Theron,N,Actress,2005
466,George Clooney,Y,Supporting Actor,2005
467,Matt Dillon,N,Supporting Actor,2005
468,Paul Giamatti,N,Supporting Actor,2005
469,Jake Gyllenhaal,N,Supporting Actor,2005
470,William Hurt,N,Supporting Actor,2005
471,Rachel Weisz,Y,Supporting Actress,2005
472,Amy Adams,N,Supporting Actress,2005
473,Catherine Keener,N,Supporting Actress,2005
474,Frances McDormand,N,Supporting Actress,2005
475,Michelle Williams,N,Supporting Actress,2005
476,Million Dollar Baby,Y,Picture,2004
477,Finding Neverland,N,Picture,2004
478,Ray,N,Picture,2004
479,Sideways,N,Picture,2004
480,The Aviator,N,Picture,2004
481,Jamie Foxx,Y,Actor,2004
482,Don Cheadle,N,Actor,2004
483,Johnny Depp,N,Actor,2004
484,Leonardo DiCaprio,N,Actor,2004
485,Clint Eastwood,N,Actor,2004
486,Hilary Swank,Y,Actress,2004
487,Annette Bening,N,Actress,2004
488,Catalina Sandino Moreno,N,Actress,2004
489,Imelda Staunton,N,Actress,2004
490,Kate Winslet,N,Actress,2004
491,Morgan Freeman,Y,Supporting Actor,2004
492,Alan Alda,N,Supporting Actor,2004
493,Thomas Haden Church,N,Supporting Actor,2004
494,Jamie Foxx,N,Supporting Actor,2004
495,Clive Owen,N,Supporting Actor,2004
496,Cate Blanchett,Y,Supporting Actress,2004
497,Laura Linney,N,Supporting Actress,2004
498,Virginia Madsen,N,Supporting Actress,2004
499,Sophie Okonedo,N,Supporting Actress,2004
500,Natalie Portman,N,Supporting Actress,2004
501,The Lord of the Rings: The Return of the King,Y,Picture,2003
502,Lost in Translation,N,Picture,2003
503,Master and Commander: The Far Side of the World,N,Picture,2003
504,Mystic River,N,Picture,2003
505,Seabiscuit,N,Picture,2003
506,Sean Penn,Y,Actor,2003
507,Johnny Depp,N,Actor,2003
508,Ben Kingsley,N,Actor,2003
509,Jude Law,N,Actor,2003
510,Bill Murray,N,Actor,2003
511,Charlize Theron,Y,Actress,2003
512,Keisha Castle-Hughes,N,Actress,2003
513,Diane Keaton,N,Actress,2003
514,Samantha Morton,N,Actress,2003
515,Naomi Watts,N,Actress,2003
516,Tim Robbins,Y,Supporting Actor,2003
517,Alec Baldwin,N,Supporting Actor,2003
518,Benicio del Toro,N,Supporting Actor,2003
519,Djimon Hounsou,N,Supporting Actor,2003
520,Ken Watanabe,N,Supporting Actor,2003
521,Renée Zellweger,Y,Supporting Actress,2003
522,Shohreh Aghdashloo,N,Supporting Actress,2003
523,Patricia Clarkson,N,Supporting Actress,2003
524,Marcia Gay Harden,N,Supporting Actress,2003
525,Holly Hunter,N,Supporting Actress,2003
526,Chicago,Y,Picture,2002
527,Gangs of New York,N,Picture,2002
528,The Hours,N,Picture,2002
529,The Lord of the Rings: The Two Towers,N,Picture,2002
530,The Pianist,N,Picture,2002
531,Adrien Brody,Y,Actor,2002
532,Nicolas Cage,N,Actor,2002
533,Michael Caine,N,Actor,2002
534,Daniel Day-Lewis,N,Actor,2002
535,Jack Nicholson,N,Actor,2002
536,Nicole Kidman,Y,Actress,2002
537,Salma Hayek,N,Actress,2002
538,Diane Lane,N,Actress,2002
539,Julianne Moore,N,Actress,2002
540,Renée Zellweger,N,Actress,2002
541,Chris Cooper,Y,Supporting Actor,2002
542,Ed Harris,N,Supporting Actor,2002
543,Paul Newman,N,Supporting Actor,2002
544,John C. Reilly,N,Supporting Actor,2002
545,Christopher Walken,N,Supporting Actor,2002
546,Catherine Zeta-Jones,Y,Supporting Actress,2002
547,Kathy Bates,N,Supporting Actress,2002
548,Queen Latifah,N,Supporting Actress,2002
549,Julianne Moore,N,Supporting Actress,2002
550,Meryl Streep,N,Supporting Actress,2002
551,A Beautiful Mind,Y,Picture,2001
552,Gosford Park,N,Picture,2001
553,In the Bedroom,N,Picture,2001
554,Moulin Rouge!,N,Picture,2001
555,The Lord of the Rings: The Fellowship of the Ring,N,Picture,2001
556,Denzel Washington,Y,Actor,2001
557,Russell Crowe,N,Actor,2001
558,Sean Penn,N,Actor,2001
559,Will Smith,N,Actor,2001
560,Tom Wilkinson,N,Actor,2001
561,Halle Berry,Y,Actress,2001
562,Judi Dench,N,Actress,2001
563,Nicole Kidman,N,Actress,2001
564,Sissy Spacek,N,Actress,2001
565,Renée Zellweger,N,Actress,2001
566,Jim Broadbent,Y,Supporting Actor,2001
567,Ethan Hawke,N,Supporting Actor,2001
568,Ben Kingsley,N,Supporting Actor,2001
569,Ian McKellen,N,Supporting Actor,2001
570,Jon Voight,N,Supporting Actor,2001
571,Jennifer Connelly,Y,Supporting Actress,2001
572,Helen Mirren,N,Supporting Actress,2001
573,Maggie Smith,N,Supporting Actress,2001
574,Marisa Tomei,N,Supporting Actress,2001
575,Kate Winslet,N,Supporting Actress,2001
576,Gladiator,Y,Picture,2000
577,Chocolat,N,Picture,2000
578,"Crouching Tiger, Hidden Dragon",N,Picture,2000
579,Erin Brockovich,N,Picture,2000
580,Traffic,N,Picture,2000
581,Russell Crowe,Y,Actor,2000
582,Javier Bardem,N,Actor,2000
583,Tom Hanks,N,Actor,2000
584,Ed Harris,N,Actor,2000
585,Geoffrey Rush,N,Actor,2000
586,Julia Roberts,Y,Actress,2000
587,Joan Allen,N,Actress,2000
588,Juliette Binoche,N,Actress,2000
589,Ellen Burstyn,N,Actress,2000
590,Laura Linney,N,Actress,2000
591,Benicio del Toro,Y,Supporting Actor,2000
592,Jeff Bridges,N,Supporting Actor,2000
593,Willem Dafoe,N,Supporting Actor,2000
594,Albert Finney,N,Supporting Actor,2000
595,Joaquin Phoenix,N,Supporting Actor,2000
596,Marcia Gay Harden,Y,Supporting Actress,2000
597,Judi Dench,N,Supporting Actress,2000
598,Kate Hudson,N,Supporting Actress,2000
599,Frances McDormand,N,Supporting Actress,2000
600,Julie Walters,N,Supporting Actress,2000
601,American Beauty,Y,Picture,1999
602,The Cider House Rules,N,Picture,1999
603,The Green Mile,N,Picture,1999
604,The Insider,N,Picture,1999
605,The Sixth Sense,N,Picture,1999
606,Kevin Spacey,Y,Actor,1999
607,Russell Crowe,N,Actor,1999
608,Richard Farnsworth,N,Actor,1999
609,Sean Penn,N,Actor,1999
610,Denzel Washington,N,Actor,1999
611,Hilary Swank,Y,Actress,1999
612,Annette Bening,N,Actress,1999
613,Janet McTeer,N,Actress,1999
614,Julianne Moore,N,Actress,1999
615,Meryl Streep,N,Actress,1999
616,Michael Caine,Y,Supporting Actor,1999
617,Tom Cruise,N,Supporting Actor,1999
618,Michael Clarke Duncan,N,Supporting Actor,1999
619,Jude Law,N,Supporting Actor,1999
620,Haley Joel Osment,N,Supporting Actor,1999
621,Angelina Jolie,Y,Supporting Actress,1999
622,Toni Collette,N,Supporting Actress,1999
623,Catherine Keener,N,Supporting Actress,1999
624,Samantha Morton,N,Supporting Actress,1999
625,Chloë Sevigny,N,Supporting Actress,1999
626,Shakespeare in Love,Y,Picture,1998
627,Elizabeth,N,Picture,1998
628,Life Is Beautiful,N,Picture,1998
629,Saving Private Ryan,N,Picture,1998
630,The Thin Red Line,N,Picture,1998
631,Roberto Benigni,Y,Actor,1998
632,Tom Hanks,N,Actor,1998
633,Ian McKellen,N,Actor,1998
634,Nick Nolte,N,Actor,1998
635,Edward Norton,N,Actor,1998
636,Gwyneth Paltrow,Y,Actress,1998
637,Cate Blanchett,N,Actress,1998
638,Fernanda Montenegro,N,Actress,1998
639,Meryl Streep,N,Actress,1998
640,Emily Watson,N,Actress,1998
641,James Coburn,Y,Supporting Actor,1998
642,Robert Duvall,N,Supporting Actor,1998
643,Ed Harris,N,Supporting Actor,1998
644,Geoffrey Rush,N,Supporting Actor,1998
645,Billy Bob Thornton,N,Supporting Actor,1998
646,Judi Dench,Y,Supporting Actress,1998
647,Kathy Bates,N,Supporting Actress,1998
648,Brenda Blethyn,N,Supporting Actress,1998
649,Rachel Griffiths,N,Supporting Actress,1998
650,Lynn Redgrave,N,Supporting Actress,1998
651,Titanic,Y,Picture,1997
652,As Good as It Gets,N,Picture,1997
653,Good Will Hunting,N,Picture,1997
654,L.A. Confidential,N,Picture,1997
655,The Full Monty,N,Picture,1997
656,Jack Nicholson,Y,Actor,1997
657,Matt Damon,N,Actor,1997
658,Robert Duvall,N,Actor,1997
659,Peter Fonda,N,Actor,1997
660,Dustin Hoffman,N,Actor,1997
661,Helen Hunt,Y,Actress,1997
662,Helena Bonham Carter,N,Actress,1997
663,Julie Christie,N,Actress,1997
664,Judi Dench,N,Actress,1997
665,Kate Winslet,N,Actress,1997
666,Robin Williams,Y,Supporting Actor,1997
667,Robert Forster,N,Supporting Actor,1997
668,Anthony Hopkins,N,Supporting Actor,1997
669,Greg Kinnear,N,Supporting Actor,1997
670,Burt Reynolds,N,Supporting Actor,1997
671,Kim Basinger,Y,Supporting Actress,1997
672,Joan Cusack,N,Supporting Actress,1997
673,Minnie Driver,N,Supporting Actress,1997
674,Julianne Moore,N,Supporting Actress,1997
675,Gloria Stuart,N,Supporting Actress,1997
676,The English Patient,Y,Picture,1996
677,Fargo,N,Picture,1996
678,Jerry Maguire,N,Picture,1996
679,Secrets & Lies,N,Picture,1996
680,Shine,N,Picture,1996
681,Geoffrey Rush,Y,Actor,1996
682,Tom Cruise,N,Actor,1996
683,Ralph Fiennes,N,Actor,1996
684,Woody Harrelson,N,Actor,1996
685,Billy Bob Thornton,N,Actor,1996
686,Frances McDormand,Y,Actress,1996
687,Brenda Blethyn,N,Actress,1996
688,Diane Keaton,N,Actress,1996
689,Kristin Scott Thomas,N,Actress,1996
690,Emily Watson,N,Actress,1996
691,"Cuba Gooding, Jr.",Y,Supporting Actor,1996
692,William H. Macy,N,Supporting Actor,1996
693,Armin Mueller-Stahl,N,Supporting Actor,1996
694,Edward Norton,N,Supporting Actor,1996
695,James Woods,N,Supporting Actor,1996
696,Juliette Binoche,Y,Supporting Actress,1996
697,Joan Allen,N,Supporting Actress,1996
698,Lauren Bacall,N,Supporting Actress,1996
699,Barbara Hershey,N,Supporting Actress,1996
700,Marianne Jean-Baptiste,N,Supporting Actress,1996
701,Braveheart,Y,Picture,1995
702,Apollo 13,N,Picture,1995
703,Babe,N,Picture,1995
704,Sense and Sensibility,N,Picture,1995
705,The Postman (Il Postino),N,Picture,1995
706,Nicolas Cage,Y,Actor,1995
707,Richard Dreyfuss,N,Actor,1995
708,Anthony Hopkins,N,Actor,1995
709,Sean Penn,N,Actor,1995
710,Massimo Troisi,N,Actor,1995
711,Susan Sarandon,Y,Actress,1995
712,Elisabeth Shue,N,Actress,1995
713,Sharon Stone,N,Actress,1995
714,Meryl Streep,N,Actress,1995
715,Emma Thompson,N,Actress,1995
716,Kevin Spacey,Y,Supporting Actor,1995
717,James Cromwell,N,Supporting Actor,1995
718,Ed Harris,N,Supporting Actor,1995
719,Brad Pitt,N,Supporting Actor,1995
720,Tim Roth,N,Supporting Actor,1995
721,Mira Sorvino,Y,Supporting Actress,1995
722,Joan Allen,N,Supporting Actress,1995
723,Kathleen Quinlan,N,Supporting Actress,1995
724,Mare Winningham,N,Supporting Actress,1995
725,Kate Winslet,N,Supporting Actress,1995
726,Forrest Gump,Y,Picture,1994
727,Four Weddings and a Funeral,N,Picture,1994
728,Pulp Fiction,N,Picture,1994
729,Quiz Show,N,Picture,1994
730,The Shawshank Redemption,N,Picture,1994
731,Tom Hanks,Y,Actor,1994
732,Morgan Freeman,N,Actor,1994
733,Nigel Hawthorne,N,Actor,1994
734,Paul Newman,N,Actor,1994
735,John Travolta,N,Actor,1994
736,Jessica Lange,Y,Actress,1994
737,Jodie Foster,N,Actress,1994
738,Miranda Richardson,N,Actress,1994
739,Winona Ryder,N,Actress,1994
740,Susan Sarandon,N,Actress,1994
741,Martin Landau,Y,Supporting Actor,1994
742,Samuel L. Jackson,N,Supporting Actor,1994
743,Chazz Palminteri,N,Supporting Actor,1994
744,Paul Scofield,N,Supporting Actor,1994
745,Gary Sinise,N,Supporting Actor,1994
746,Dianne Wiest,Y,Supporting Actress,1994
747,Rosemary Harris,N,Supporting Actress,1994
748,Helen Mirren,N,Supporting Actress,1994
749,Uma Thurman,N,Supporting Actress,1994
750,Jennifer Tilly,N,Supporting Actress,1994
751,Schindler's List,Y,Picture,1993
752,In the Name of the Father,N,Picture,1993
753,The Fugitive,N,Picture,1993
754,The Piano,N,Picture,1993
755,The Remains of the Day,N,Picture,1993
756,Tom Hanks,Y,Actor,1993
757,Daniel Day-Lewis,N,Actor,1993
758,Laurence Fishburne,N,Actor,1993
759,Anthony Hopkins,N,Actor,1993
760,Liam Neeson,N,Actor,1993
761,Holly Hunter,Y,Actress,1993
762,Angela Bassett,N,Actress,1993
763,Stockard Channing,N,Actress,1993
764,Emma Thompson,N,Actress,1993
765,Debra Winger,N,Actress,1993
766,Tommy Lee Jones,Y,Supporting Actor,1993
767,Leonardo DiCaprio,N,Supporting Actor,1993
768,Ralph Fiennes,N,Supporting Actor,1993
769,John Malkovich,N,Supporting Actor,1993
770,Pete Postlethwaite,N,Supporting Actor,1993
771,Anna Paquin,Y,Supporting Actress,1993
772,Holly Hunter,N,Supporting Actress,1993
773,Rosie Perez,N,Supporting Actress,1993
774,Winona Ryder,N,Supporting Actress,1993
775,Emma Thompson,N,Supporting Actress,1993
776,Unforgiven,Y,Picture,1992
777,A Few Good Men,N,Picture,1992
778,Howards End,N,Picture,1992
779,Scent of a Woman,N,Picture,1992
780,The Crying Game,N,Picture,1992
781,Al Pacino,Y,Actor,1992
782,"Robert Downey, Jr.",N,Actor,1992
783,Clint Eastwood,N,Actor,1992
784,Stephen Rea,N,Actor,1992
785,Denzel Washington,N,Actor,1992
786,Emma Thompson,Y,Actress,1992
787,Catherine Deneuve,N,Actress,1992
788,Mary McDonnell,N,Actress,1992
789,Michelle Pfeiffer,N,Actress,1992
790,Susan Sarandon,N,Actress,1992
791,Gene Hackman,Y,Supporting Actor,1992
792,Jaye Davidson,N,Supporting Actor,1992
793,Jack Nicholson,N,Supporting Actor,1992
794,Al Pacino,N,Supporting Actor,1992
795,David Paymer,N,Supporting Actor,1992
796,Marisa Tomei,Y,Supporting Actress,1992
797,Judy Davis,N,Supporting Actress,1992
798,Joan Plowright,N,Supporting Actress,1992
799,Vanessa Redgrave,N,Supporting Actress,1992
800,Miranda Richardson,N,Supporting Actress,1992
801,The Silence of the Lambs,Y,Picture,1991
802,Beauty and the Beast,N,Picture,1991
803,Bugsy,N,Picture,1991
804,JFK,N,Picture,1991
805,The Prince of Tides,N,Picture,1991
806,Anthony Hopkins,Y,Actor,1991
807,Warren Beatty,N,Actor,1991
808,Robert De Niro,N,Actor,1991
809,Nick Nolte,N,Actor,1991
810,Robin Williams,N,Actor,1991
811,Jodie Foster,Y,Actress,1991
812,Geena Davis,N,Actress,1991
813,Laura Dern,N,Actress,1991
814,Bette Midler,N,Actress,1991
815,Susan Sarandon,N,Actress,1991
816,Jack Palance,Y,Supporting Actor,1991
817,Tommy Lee Jones,N,Supporting Actor,1991
818,Harvey Keitel,N,Supporting Actor,1991
819,Ben Kingsley,N,Supporting Actor,1991
820,Michael Lerner,N,Supporting Actor,1991
821,Mercedes Ruehl,Y,Supporting Actress,1991
822,Diane Ladd,N,Supporting Actress,1991
823,Juliette Lewis,N,Supporting Actress,1991
824,Kate Nelligan,N,Supporting Actress,1991
825,Jessica Tandy,N,Supporting Actress,1991
826,Dances with Wolves,Y,Picture,1990
827,Awakenings,N,Picture,1990
828,Ghost,N,Picture,1990
829,Goodfellas,N,Picture,1990
830,The Godfather Part III,N,Picture,1990
831,Jeremy Irons,Y,Actor,1990
832,Kevin Costner,N,Actor,1990
833,Robert De Niro,N,Actor,1990
834,Gérard Depardieu,N,Actor,1990
835,Richard Harris,N,Actor,1990
836,Kathy Bates,Y,Actress,1990
837,Anjelica Huston,N,Actress,1990
838,Julia Roberts,N,Actress,1990
839,Meryl Streep,N,Actress,1990
840,Joanne Woodward,N,Actress,1990
841,Joe Pesci,Y,Supporting Actor,1990
842,Bruce Davison,N,Supporting Actor,1990
843,Andy García,N,Supporting Actor,1990
844,Graham Greene,N,Supporting Actor,1990
845,Al Pacino,N,Supporting Actor,1990
846,Whoopi Goldberg,Y,Supporting Actress,1990
847,Annette Bening,N,Supporting Actress,1990
848,Lorraine Bracco,N,Supporting Actress,1990
849,Diane Ladd,N,Supporting Actress,1990
850,Mary McDonnell,N,Supporting Actress,1990
851,Driving Miss Daisy,Y,Picture,1989
852,Born on the Fourth of July,N,Picture,1989
853,Dead Poets Society,N,Picture,1989
854,Field of Dreams,N,Picture,1989
855,My Left Foot,N,Picture,1989
856,Daniel Day-Lewis,Y,Actor,1989
857,Kenneth Branagh,N,Actor,1989
858,Tom Cruise,N,Actor,1989
859,Morgan Freeman,N,Actor,1989
860,Robin Williams,N,Actor,1989
861,Jessica Tandy,Y,Actress,1989
862,Isabelle Adjani,N,Actress,1989
863,Pauline Collins,N,Actress,1989
864,Jessica Lange,N,Actress,1989
865,Michelle Pfeiffer,N,Actress,1989
866,Denzel Washington,Y,Supporting Actor,1989
867,Danny Aiello,N,Supporting Actor,1989
868,Dan Aykroyd,N,Supporting Actor,1989
869,Marlon Brando,N,Supporting Actor,1989
870,Martin Landau,N,Supporting Actor,1989
871,Brenda Fricker,Y,Supporting Actress,1989
872,Anjelica Huston,N,Supporting Actress,1989
873,Lena Olin,N,Supporting Actress,1989
874,Julia Roberts,N,Supporting Actress,1989
875,Dianne Wiest,N,Supporting Actress,1989
876,Rain Man,Y,Picture,1988
877,Dangerous Liaisons,N,Picture,1988
878,Mississippi Burning,N,Picture,1988
879,The Accidental Tourist,N,Picture,1988
880,Working Girl,N,Picture,1988
881,Dustin Hoffman,Y,Actor,1988
882,Gene Hackman,N,Actor,1988
883,Tom Hanks,N,Actor,1988
884,Edward James Olmos,N,Actor,1988
885,Max von Sydow,N,Actor,1988
886,Jodie Foster,Y,Actress,1988
887,Glenn Close,N,Actress,1988
888,Melanie Griffith,N,Actress,1988
889,Meryl Streep,N,Actress,1988
890,Sigourney Weaver,N,Actress,1988
891,Kevin Kline,Y,Supporting Actor,1988
892,Alec Guinness,N,Supporting Actor,1988
893,Martin Landau,N,Supporting Actor,1988
894,River Phoenix,N,Supporting Actor,1988
895,Dean Stockwell,N,Supporting Actor,1988
896,Geena Davis,Y,Supporting Actress,1988
897,Joan Cusack,N,Supporting Actress,1988
898,Frances McDormand,N,Supporting Actress,1988
899,Michelle Pfeiffer,N,Supporting Actress,1988
900,Sigourney Weaver,N,Supporting Actress,1988
901,The Last Emperor,Y,Picture,1987
902,Broadcast News,N,Picture,1987
903,Fatal Attraction,N,Picture,1987
904,Hope and Glory,N,Picture,1987
905,Moonstruck,N,Picture,1987
906,Michael Douglas,Y,Actor,1987
907,William Hurt,N,Actor,1987
908,Marcello Mastroianni,N,Actor,1987
909,Jack Nicholson,N,Actor,1987
910,Robin Williams,N,Actor,1987
911,Cher,Y,Actress,1987
912,Glenn Close,N,Actress,1987
913,Holly Hunter,N,Actress,1987
914,Sally Kirkland,N,Actress,1987
915,Meryl Streep,N,Actress,1987
916,Sean Connery,Y,Supporting Actor,1987
917,Albert Brooks,N,Supporting Actor,1987
918,Morgan Freeman,N,Supporting Actor,1987
919,Vincent Gardenia,N,Supporting Actor,1987
920,Denzel Washington,N,Supporting Actor,1987
921,Olympia Dukakis,Y,Supporting Actress,1987
922,Norma Aleandro,N,Supporting Actress,1987
923,Anne Archer,N,Supporting Actress,1987
924,Anne Ramsey,N,Supporting Actress,1987
925,Ann Sothern,N,Supporting Actress,1987
926,Platoon,Y,Picture,1986
927,A Room with a View,N,Picture,1986
928,Children of a Lesser God,N,Picture,1986
929,Hannah and Her Sisters,N,Picture,1986
930,The Mission,N,Picture,1986
931,Paul Newman,Y,Actor,1986
932,Dexter Gordon,N,Actor,1986
933,Bob Hoskins,N,Actor,1986
934,William Hurt,N,Actor,1986
935,James Woods,N,Actor,1986
936,Marlee Matlin,Y,Actress,1986
937,Jane Fonda,N,Actress,1986
938,Sissy Spacek,N,Actress,1986
939,Kathleen Turner,N,Actress,1986
940,Sigourney Weaver,N,Actress,1986
941,Michael Caine,Y,Supporting Actor,1986
942,Tom Berenger,N,Supporting Actor,1986
943,Willem Dafoe,N,Supporting Actor,1986
944,Denholm Elliott,N,Supporting Actor,1986
945,Dennis Hopper,N,Supporting Actor,1986
946,Dianne Wiest,Y,Supporting Actress,1986
947,Tess Harper,N,Supporting Actress,1986
948,Piper Laurie,N,Supporting Actress,1986
949,Mary Elizabeth Mastrantonio,N,Supporting Actress,1986
950,Maggie Smith,N,Supporting Actress,1986
951,Out of Africa,Y,Picture,1985
952,Kiss of the Spider Woman,N,Picture,1985
953,Prizzi's Honor,N,Picture,1985
954,The Color Purple,N,Picture,1985
955,Witness,N,Picture,1985
956,William Hurt,Y,Actor,1985
957,Harrison Ford,N,Actor,1985
958,James Garner,N,Actor,1985
959,Jack Nicholson,N,Actor,1985
960,Jon Voight,N,Actor,1985
961,Geraldine Page,Y,Actress,1985
962,Anne Bancroft,N,Actress,1985
963,Whoopi Goldberg,N,Actress,1985
964,Jessica Lange,N,Actress,1985
965,Meryl Streep,N,Actress,1985
966,Don Ameche,Y,Supporting Actor,1985
967,Klaus Maria Brandauer,N,Supporting Actor,1985
968,William Hickey,N,Supporting Actor,1985
969,Robert Loggia,N,Supporting Actor,1985
970,Eric Roberts,N,Supporting Actor,1985
971,Anjelica Huston,Y,Supporting Actress,1985
972,Margaret Avery,N,Supporting Actress,1985
973,Amy Madigan,N,Supporting Actress,1985
974,Meg Tilly,N,Supporting Actress,1985
975,Oprah Winfrey,N,Supporting Actress,1985
976,Amadeus,Y,Picture,1984
977,A Passage to India,N,Picture,1984
978,A Soldier's Story,N,Picture,1984
979,Places in the Heart,N,Picture,1984
980,The Killing Fields,N,Picture,1984
981,F. Murray Abraham,Y,Actor,1984
982,Jeff Bridges,N,Actor,1984
983,Albert Finney,N,Actor,1984
984,Tom Hulce,N,Actor,1984
985,Sam Waterston,N,Actor,1984
986,Sally Field,Y,Actress,1984
987,Judy Davis,N,Actress,1984
988,Jessica Lange,N,Actress,1984
989,Vanessa Redgrave,N,Actress,1984
990,Sissy Spacek,N,Actress,1984
991,Haing S. Ngor,Y,Supporting Actor,1984
992,Adolph Caesar,N,Supporting Actor,1984
993,John Malkovich,N,Supporting Actor,1984
994,Pat Morita,N,Supporting Actor,1984
995,Ralph Richardson,N,Supporting Actor,1984
996,Peggy Ashcroft,Y,Supporting Actress,1984
997,Glenn Close,N,Supporting Actress,1984
998,Lindsay Crouse,N,Supporting Actress,1984
999,Christine Lahti,N,Supporting Actress,1984
1000,Geraldine Page,N,Supporting Actress,1984
1001,Terms of Endearment,Y,Picture,1983
1002,Tender Mercies,N,Picture,1983
1003,The Big Chill,N,Picture,1983
1004,The Dresser,N,Picture,1983
1005,The Right Stuff,N,Picture,1983
1006,Robert Duvall,Y,Actor,1983
1007,Michael Caine,N,Actor,1983
1008,Tom Conti,N,Actor,1983
1009,Tom Courtenay,N,Actor,1983
1010,Albert Finney,N,Actor,1983
1011,Shirley MacLaine,Y,Actress,1983
1012,Jane Alexander,N,Actress,1983
1013,Meryl Streep,N,Actress,1983
1014,Julie Walters,N,Actress,1983
1015,Debra Winger,N,Actress,1983
1016,Jack Nicholson,Y,Supporting Actor,1983
1017,Charles Durning,N,Supporting Actor,1983
1018,John Lithgow,N,Supporting Actor,1983
1019,Sam Shepard,N,Supporting Actor,1983
1020,Rip Torn,N,Supporting Actor,1983
1021,Linda Hunt,Y,Supporting Actress,1983
1022,Cher,N,Supporting Actress,1983
1023,Glenn Close,N,Supporting Actress,1983
1024,Amy Irving,N,Supporting Actress,1983
1025,Alfre Woodard,N,Supporting Actress,1983
1026,Gandhi,Y,Picture,1982
1027,E.T. the Extra-Terrestrial,N,Picture,1982
1028,Missing,N,Picture,1982
1029,The Verdict,N,Picture,1982
1030,Tootsie,N,Picture,1982
1031,Ben Kingsley,Y,Actor,1982
1032,Dustin Hoffman,N,Actor,1982
1033,Jack Lemmon,N,Actor,1982
1034,Paul Newman,N,Actor,1982
1035,Peter O'Toole,N,Actor,1982
1036,Meryl Streep,Y,Actress,1982
1037,Julie Andrews,N,Actress,1982
1038,Jessica Lange,N,Actress,1982
1039,Sissy Spacek,N,Actress,1982
1040,Debra Winger,N,Actress,1982
1041,"Louis Gossett, Jr.",Y,Supporting Actor,1982
1042,Charles Durning,N,Supporting Actor,1982
1043,John Lithgow,N,Supporting Actor,1982
1044,James Mason,N,Supporting Actor,1982
1045,Robert Preston,N,Supporting Actor,1982
1046,Jessica Lange,Y,Supporting Actress,1982
1047,Glenn Close,N,Supporting Actress,1982
1048,Teri Garr,N,Supporting Actress,1982
1049,Kim Stanley,N,Supporting Actress,1982
1050,Lesley Ann Warren,N,Supporting Actress,1982
1051,Chariots of Fire,Y,Picture,1981
1052,Atlantic City,N,Picture,1981
1053,On Golden Pond,N,Picture,1981
1054,Raiders of the Lost Ark,N,Picture,1981
1055,Reds,N,Picture,1981
1056,Henry Fonda,Y,Actor,1981
1057,Warren Beatty,N,Actor,1981
1058,Burt Lancaster,N,Actor,1981
1059,Dudley Moore,N,Actor,1981
1060,Paul Newman,N,Actor,1981
1061,Katharine Hepburn,Y,Actress,1981
1062,Diane Keaton,N,Actress,1981
1063,Marsha Mason,N,Actress,1981
1064,Susan Sarandon,N,Actress,1981
1065,Meryl Streep,N,Actress,1981
1066,John Gielgud,Y,Supporting Actor,1981
1067,James Coco,N,Supporting Actor,1981
1068,Ian Holm,N,Supporting Actor,1981
1069,Jack Nicholson,N,Supporting Actor,1981
1070,Howard Rollins,N,Supporting Actor,1981
1071,Maureen Stapleton,Y,Supporting Actress,1981
1072,Melinda Dillon,N,Supporting Actress,1981
1073,Jane Fonda,N,Supporting Actress,1981
1074,Joan Hackett,N,Supporting Actress,1981
1075,Elizabeth McGovern,N,Supporting Actress,1981
1076,Ordinary People,Y,Picture,1980
1077,Coal Miner's Daughter,N,Picture,1980
1078,Raging Bull,N,Picture,1980
1079,Tess,N,Picture,1980
1080,The Elephant Man,N,Picture,1980
1081,Robert De Niro,Y,Actor,1980
1082,Robert Duvall,N,Actor,1980
1083,John Hurt,N,Actor,1980
1084,Jack Lemmon,N,Actor,1980
1085,Peter O'Toole,N,Actor,1980
1086,Sissy Spacek,Y,Actress,1980
1087,Ellen Burstyn,N,Actress,1980
1088,Goldie Hawn,N,Actress,1980
1089,Mary Tyler Moore,N,Actress,1980
1090,Gena Rowlands,N,Actress,1980
1091,Timothy Hutton,Y,Supporting Actor,1980
1092,Judd Hirsch,N,Supporting Actor,1980
1093,Michael O'Keefe,N,Supporting Actor,1980
1094,Joe Pesci,N,Supporting Actor,1980
1095,Jason Robards,N,Supporting Actor,1980
1096,Mary Steenburgen,Y,Supporting Actress,1980
1097,Eileen Brennan,N,Supporting Actress,1980
1098,Eva Le Gallienne,N,Supporting Actress,1980
1099,Cathy Moriarty,N,Supporting Actress,1980
1100,Diana Scarwid,N,Supporting Actress,1980
1101,Kramer vs. Kramer,Y,Picture,1979
1102,All That Jazz,N,Picture,1979
1103,Apocalypse Now,N,Picture,1979
1104,Breaking Away,N,Picture,1979
1105,Norma Rae,N,Picture,1979
1106,Dustin Hoffman,Y,Actor,1979
1107,Jack Lemmon,N,Actor,1979
1108,Al Pacino,N,Actor,1979
1109,Roy Scheider,N,Actor,1979
1110,Peter Sellers,N,Actor,1979
1111,Sally Field,Y,Actress,1979
1112,Jill Clayburgh,N,Actress,1979
1113,Jane Fonda,N,Actress,1979
1114,Marsha Mason,N,Actress,1979
1115,Bette Midler,N,Actress,1979
1116,Melvyn Douglas,Y,Supporting Actor,1979
1117,Robert Duvall,N,Supporting Actor,1979
1118,Frederic Forrest,N,Supporting Actor,1979
1119,Justin Henry,N,Supporting Actor,1979
1120,Mickey Rooney,N,Supporting Actor,1979
1121,Meryl Streep,Y,Supporting Actress,1979
1122,Jane Alexander,N,Supporting Actress,1979
1123,Barbara Barrie,N,Supporting Actress,1979
1124,Candice Bergen,N,Supporting Actress,1979
1125,Mariel Hemingway,N,Supporting Actress,1979
1126,The Deer Hunter,Y,Picture,1978
1127,An Unmarried Woman,N,Picture,1978
1128,Coming Home,N,Picture,1978
1129,Heaven Can Wait,N,Picture,1978
1130,Midnight Express,N,Picture,1978
1131,Jon Voight,Y,Actor,1978
1132,Warren Beatty,N,Actor,1978
1133,Gary Busey,N,Actor,1978
1134,Robert De Niro,N,Actor,1978
1135,Laurence Olivier,N,Actor,1978
1136,Jane Fonda,Y,Actress,1978
1137,Ingrid Bergman,N,Actress,1978
1138,Ellen Burstyn,N,Actress,1978
1139,Jill Clayburgh,N,Actress,1978
1140,Geraldine Page,N,Actress,1978
1141,Christopher Walken,Y,Supporting Actor,1978
1142,Bruce Dern,N,Supporting Actor,1978
1143,Richard Farnsworth,N,Supporting Actor,1978
1144,John Hurt,N,Supporting Actor,1978
1145,Jack Warden,N,Supporting Actor,1978
1146,Maggie Smith,Y,Supporting Actress,1978
1147,Dyan Cannon,N,Supporting Actress,1978
1148,Penelope Milford,N,Supporting Actress,1978
1149,Maureen Stapleton,N,Supporting Actress,1978
1150,Meryl Streep,N,Supporting Actress,1978
1151,Annie Hall,Y,Picture,1977
1152,Julia,N,Picture,1977
1153,Star Wars,N,Picture,1977
1154,The Goodbye Girl,N,Picture,1977
1155,The Turning Point,N,Picture,1977
1156,Richard Dreyfuss,Y,Actor,1977
1157,Woody Allen,N,Actor,1977
1158,Richard Burton,N,Actor,1977
1159,Marcello Mastroianni,N,Actor,1977
1160,John Travolta,N,Actor,1977
1161,Diane Keaton,Y,Actress,1977
1162,Anne Bancroft,N,Actress,1977
1163,Jane Fonda,N,Actress,1977
1164,Shirley MacLaine,N,Actress,1977
1165,Marsha Mason,N,Actress,1977
1166,Jason Robards,Y,Supporting Actor,1977
1167,Mikhail Baryshnikov,N,Supporting Actor,1977
1168,Peter Firth,N,Supporting Actor,1977
1169,Alec Guinness,N,Supporting Actor,1977
1170,Maximilian Schell,N,Supporting Actor,1977
1171,Vanessa Redgrave,Y,Supporting Actress,1977
1172,Leslie Browne,N,Supporting Actress,1977
1173,Quinn Cummings,N,Supporting Actress,1977
1174,Melinda Dillon,N,Supporting Actress,1977
1175,Tuesday Weld,N,Supporting Actress,1977
1176,Rocky,Y,Picture,1976
1177,All the President's Men,N,Picture,1976
1178,Bound for Glory,N,Picture,1976
1179,Network,N,Picture,1976
1180,Taxi Driver,N,Picture,1976
1181,Peter Finch,Y,Actor,1976
1182,Robert De Niro,N,Actor,1976
1183,Giancarlo Giannini,N,Actor,1976
1184,William Holden,N,Actor,1976
1185,Sylvester Stallone,N,Actor,1976
1186,Faye Dunaway,Y,Actress,1976
1187,Marie-Christine Barrault,N,Actress,1976
1188,Talia Shire,N,Actress,1976
1189,Sissy Spacek,N,Actress,1976
1190,Liv Ullmann,N,Actress,1976
1191,Jason Robards,Y,Supporting Actor,1976
1192,Ned Beatty,N,Supporting Actor,1976
1193,Burgess Meredith,N,Supporting Actor,1976
1194,Laurence Olivier,N,Supporting Actor,1976
1195,Burt Young,N,Supporting Actor,1976
1196,Beatrice Straight,Y,Supporting Actress,1976
1197,Jane Alexander,N,Supporting Actress,1976
1198,Jodie Foster,N,Supporting Actress,1976
1199,Lee Grant,N,Supporting Actress,1976
1200,Piper Laurie,N,Supporting Actress,1976
1201,One Flew Over the Cuckoo's Nest,Y,Picture,1975
1202,Barry Lyndon,N,Picture,1975
1203,Dog Day Afternoon,N,Picture,1975
1204,Jaws,N,Picture,1975
1205,Nashville,N,Picture,1975
1206,Jack Nicholson,Y,Actor,1975
1207,Walter Matthau,N,Actor,1975
1208,Al Pacino,N,Actor,1975
1209,Maximilian Schell,N,Actor,1975
1210,James Whitmore,N,Actor,1975
1211,Louise Fletcher,Y,Actress,1975
1212,Isabelle Adjani,N,Actress,1975
1213,Glenda Jackson,N,Actress,1975
1214,Carol Kane,N,Actress,1975
1215,Ann-Margret,N,Actress,1975
1216,George Burns,Y,Supporting Actor,1975
1217,Brad Dourif,N,Supporting Actor,1975
1218,Burgess Meredith,N,Supporting Actor,1975
1219,Chris Sarandon,N,Supporting Actor,1975
1220,Jack Warden,N,Supporting Actor,1975
1221,Lee Grant,Y,Supporting Actress,1975
1222,Ronee Blakley,N,Supporting Actress,1975
1223,Sylvia Miles,N,Supporting Actress,1975
1224,Lily Tomlin,N,Supporting Actress,1975
1225,Brenda Vaccaro,N,Supporting Actress,1975
1226,The Godfather Part II,Y,Picture,1974
1227,Chinatown,N,Picture,1974
1228,Lenny,N,Picture,1974
1229,The Conversation,N,Picture,1974
1230,The Towering Inferno,N,Picture,1974
1231,Art Carney,Y,Actor,1974
1232,Albert Finney,N,Actor,1974
1233,Dustin Hoffman,N,Actor,1974
1234,Jack Nicholson,N,Actor,1974
1235,Al Pacino,N,Actor,1974
1236,Ellen Burstyn,Y,Actress,1974
1237,Diahann Carroll,N,Actress,1974
1238,Faye Dunaway,N,Actress,1974
1239,Valerie Perrine,N,Actress,1974
1240,Gena Rowlands,N,Actress,1974
1241,Robert De Niro,Y,Supporting Actor,1974
1242,Fred Astaire,N,Supporting Actor,1974
1243,Jeff Bridges,N,Supporting Actor,1974
1244,Michael V. Gazzo,N,Supporting Actor,1974
1245,Lee Strasberg,N,Supporting Actor,1974
1246,Ingrid Bergman,Y,Supporting Actress,1974
1247,Valentina Cortese,N,Supporting Actress,1974
1248,Madeline Kahn,N,Supporting Actress,1974
1249,Diane Ladd,N,Supporting Actress,1974
1250,Talia Shire,N,Supporting Actress,1974
1251,The Sting,Y,Picture,1973
1252,A Touch of Class,N,Picture,1973
1253,American Graffiti,N,Picture,1973
1254,Cries and Whispers,N,Picture,1973
1255,The Exorcist,N,Picture,1973
1256,Jack Lemmon,Y,Actor,1973
1257,Marlon Brando,N,Actor,1973
1258,Jack Nicholson,N,Actor,1973
1259,Al Pacino,N,Actor,1973
1260,Robert Redford,N,Actor,1973
1261,Glenda Jackson,Y,Actress,1973
1262,Ellen Burstyn,N,Actress,1973
1263,Marsha Mason,N,Actress,1973
1264,Barbra Streisand,N,Actress,1973
1265,Joanne Woodward,N,Actress,1973
1266,John Houseman,Y,Supporting Actor,1973
1267,Vincent Gardenia,N,Supporting Actor,1973
1268,Jack Gilford,N,Supporting Actor,1973
1269,Jason Miller,N,Supporting Actor,1973
1270,Randy Quaid,N,Supporting Actor,1973
1271,Tatum O'Neal,Y,Supporting Actress,1973
1272,Linda Blair,N,Supporting Actress,1973
1273,Candy Clark,N,Supporting Actress,1973
1274,Madeline Kahn,N,Supporting Actress,1973
1275,Sylvia Sidney,N,Supporting Actress,1973
1276,The Godfather,Y,Picture,1972
1277,Cabaret,N,Picture,1972
1278,Deliverance,N,Picture,1972
1279,Sounder,N,Picture,1972
1280,The Emigrants,N,Picture,1972
1281,Marlon Brando,Y,Actor,1972
1282,Michael Caine,N,Actor,1972
1283,Laurence Olivier,N,Actor,1972
1284,Peter O'Toole,N,Actor,1972
1285,Paul Winfield,N,Actor,1972
1286,Liza Minnelli,Y,Actress,1972
1287,Diana Ross,N,Actress,1972
1288,Maggie Smith,N,Actress,1972
1289,Cicely Tyson,N,Actress,1972
1290,Liv Ullmann,N,Actress,1972
1291,Joel Grey,Y,Supporting Actor,1972
1292,Eddie Albert,N,Supporting Actor,1972
1293,James Caan,N,Supporting Actor,1972
1294,Robert Duvall,N,Supporting Actor,1972
1295,Al Pacino,N,Supporting Actor,1972
1296,Eileen Heckart,Y,Supporting Actress,1972
1297,Jeannie Berlin,N,Supporting Actress,1972
1298,Geraldine Page,N,Supporting Actress,1972
1299,Susan Tyrrell,N,Supporting Actress,1972
1300,Shelley Winters,N,Supporting Actress,1972
1301,The French Connection,Y,Picture,1971
1302,A Clockwork Orange,N,Picture,1971
1303,Fiddler on the Roof,N,Picture,1971
1304,Nicholas and Alexandra,N,Picture,1971
1305,The Last Picture Show,N,Picture,1971
1306,Gene Hackman,Y,Actor,1971
1307,Peter Finch,N,Actor,1971
1308,Walter Matthau,N,Actor,1971
1309,George C. Scott,N,Actor,1971
1310,Chaim Topol,N,Actor,1971
1311,Jane Fonda,Y,Actress,1971
1312,Julie Christie,N,Actress,1971
1313,Glenda Jackson,N,Actress,1971
1314,Vanessa Redgrave,N,Actress,1971
1315,Janet Suzman,N,Actress,1971
1316,Ben Johnson,Y,Supporting Actor,1971
1317,Jeff Bridges,N,Supporting Actor,1971
1318,Leonard Frey,N,Supporting Actor,1971
1319,Richard Jaeckel,N,Supporting Actor,1971
1320,Roy Scheider,N,Supporting Actor,1971
1321,Cloris Leachman,Y,Supporting Actress,1971
1322,Ellen Burstyn,N,Supporting Actress,1971
1323,Barbara Harris,N,Supporting Actress,1971
1324,Margaret Leighton,N,Supporting Actress,1971
1325,Ann-Margret,N,Supporting Actress,1971
1326,Patton,Y,Picture,1970
1327,Airport,N,Picture,1970
1328,Five Easy Pieces,N,Picture,1970
1329,Love Story,N,Picture,1970
1330,MASH,N,Picture,1970
1331,George C. Scott,Y,Actor,1970
1332,Melvyn Douglas,N,Actor,1970
1333,James Earl Jones,N,Actor,1970
1334,Jack Nicholson,N,Actor,1970
1335,Ryan O'Neal,N,Actor,1970
1336,Glenda Jackson,Y,Actress,1970
1337,Jane Alexander,N,Actress,1970
1338,Ali MacGraw,N,Actress,1970
1339,Sarah Miles,N,Actress,1970
1340,Carrie Snodgress,N,Actress,1970
1341,John Mills,Y,Supporting Actor,1970
1342,Richard S. Castellano,N,Supporting Actor,1970
1343,Chief Dan George,N,Supporting Actor,1970
1344,Gene Hackman,N,Supporting Actor,1970
1345,John Marley,N,Supporting Actor,1970
1346,Helen Hayes,Y,Supporting Actress,1970
1347,Karen Black,N,Supporting Actress,1970
1348,Lee Grant,N,Supporting Actress,1970
1349,Sally Kellerman,N,Supporting Actress,1970
1350,Maureen Stapleton,N,Supporting Actress,1970
1351,Midnight Cowboy,Y,Picture,1969
1352,Anne of the Thousand Days,N,Picture,1969
1353,Butch Cassidy and the Sundance Kid,N,Picture,1969
1354,"Hello, Dolly!",N,Picture,1969
1355,Z,N,Picture,1969
1356,John Wayne,Y,Actor,1969
1357,Richard Burton,N,Actor,1969
1358,Dustin Hoffman,N,Actor,1969
1359,Peter O'Toole,N,Actor,1969
1360,Jon Voight,N,Actor,1969
1361,Maggie Smith,Y,Actress,1969
1362,Geneviève Bujold,N,Actress,1969
1363,Jane Fonda,N,Actress,1969
1364,Liza Minnelli,N,Actress,1969
1365,Jean Simmons,N,Actress,1969
1366,Gig Young,Y,Supporting Actor,1969
1367,Rupert Crosse,N,Supporting Actor,1969
1368,Elliott Gould,N,Supporting Actor,1969
1369,Jack Nicholson,N,Supporting Actor,1969
1370,Anthony Quayle,N,Supporting Actor,1969
1371,Goldie Hawn,Y,Supporting Actress,1969
1372,Catherine Burns,N,Supporting Actress,1969
1373,Dyan Cannon,N,Supporting Actress,1969
1374,Sylvia Miles,N,Supporting Actress,1969
1375,Susannah York,N,Supporting Actress,1969
1376,Oliver!,Y,Picture,1968
1377,Funny Girl,N,Picture,1968
1378,"Rachel, Rachel",N,Picture,1968
1379,Romeo and Juliet,N,Picture,1968
1380,The Lion in Winter,N,Picture,1968
1381,Cliff Robertson,Y,Actor,1968
1382,Alan Arkin,N,Actor,1968
1383,Alan Bates,N,Actor,1968
1384,Ron Moody,N,Actor,1968
1385,Peter O'Toole,N,Actor,1968
1386,Barbra Streisand,Y,Actress,1968
1387,Katharine Hepburn,N,Actress,1968
1388,Patricia Neal,N,Actress,1968
1389,Vanessa Redgrave,N,Actress,1968
1390,Joanne Woodward,N,Actress,1968
1391,Jack Albertson,Y,Supporting Actor,1968
1392,Seymour Cassel,N,Supporting Actor,1968
1393,Daniel Massey,N,Supporting Actor,1968
1394,Jack Wild,N,Supporting Actor,1968
1395,Gene Wilder,N,Supporting Actor,1968
1396,Ruth Gordon,Y,Supporting Actress,1968
1397,Lynn Carlin,N,Supporting Actress,1968
1398,Sondra Locke,N,Supporting Actress,1968
1399,Kay Medford,N,Supporting Actress,1968
1400,Estelle Parsons,N,Supporting Actress,1968
1401,In the Heat of the Night,Y,Picture,1967
1402,Bonnie and Clyde,N,Picture,1967
1403,Doctor Dolittle,N,Picture,1967
1404,Guess Who's Coming to Dinner,N,Picture,1967
1405,The Graduate,N,Picture,1967
1406,Rod Steiger,Y,Actor,1967
1407,Warren Beatty,N,Actor,1967
1408,Dustin Hoffman,N,Actor,1967
1409,Paul Newman,N,Actor,1967
1410,Spencer Tracy,N,Actor,1967
1411,Katharine Hepburn,Y,Actress,1967
1412,Anne Bancroft,N,Actress,1967
1413,Faye Dunaway,N,Actress,1967
1414,Edith Evans,N,Actress,1967
1415,Audrey Hepburn,N,Actress,1967
1416,George Kennedy,Y,Supporting Actor,1967
1417,John Cassavetes,N,Supporting Actor,1967
1418,Gene Hackman,N,Supporting Actor,1967
1419,Cecil Kellaway,N,Supporting Actor,1967
1420,Michael J. Pollard,N,Supporting Actor,1967
1421,Estelle Parsons,Y,Supporting Actress,1967
1422,Carol Channing,N,Supporting Actress,1967
1423,Mildred Natwick,N,Supporting Actress,1967
1424,Beah Richards,N,Supporting Actress,1967
1425,Katharine Ross,N,Supporting Actress,1967
1426,A Man for All Seasons,Y,Picture,1966
1427,Alfie,N,Picture,1966
1428,"The Russians Are Coming, the Russians Are Coming",N,Picture,1966
1429,The Sand Pebbles,N,Picture,1966
1430,Who's Afraid of Virginia Woolf?,N,Picture,1966
1431,Paul Scofield,Y,Actor,1966
1432,Alan Arkin,N,Actor,1966
1433,Richard Burton,N,Actor,1966
1434,Michael Caine,N,Actor,1966
1435,Steve McQueen,N,Actor,1966
1436,Elizabeth Taylor,Y,Actress,1966
1437,Anouk Aimée,N,Actress,1966
1438,Ida Kaminska,N,Actress,1966
1439,Lynn Redgrave,N,Actress,1966
1440,Vanessa Redgrave,N,Actress,1966
1441,Walter Matthau,Y,Supporting Actor,1966
1442,Mako,N,Supporting Actor,1966
1443,James Mason,N,Supporting Actor,1966
1444,George Segal,N,Supporting Actor,1966
1445,Robert Shaw,N,Supporting Actor,1966
1446,Sandy Dennis,Y,Supporting Actress,1966
1447,Wendy Hiller,N,Supporting Actress,1966
1448,Jocelyne LaGarde,N,Supporting Actress,1966
1449,Vivien Merchant,N,Supporting Actress,1966
1450,Geraldine Page,N,Supporting Actress,1966
1451,The Sound of Music,Y,Picture,1965
1452,A Thousand Clowns,N,Picture,1965
1453,Darling,N,Picture,1965
1454,Doctor Zhivago,N,Picture,1965
1455,Ship of Fools,N,Picture,1965
1456,Lee Marvin,Y,Actor,1965
1457,Richard Burton,N,Actor,1965
1458,Laurence Olivier,N,Actor,1965
1459,Rod Steiger,N,Actor,1965
1460,Oskar Werner,N,Actor,1965
1461,Julie Christie,Y,Actress,1965
1462,Julie Andrews,N,Actress,1965
1463,Samantha Eggar,N,Actress,1965
1464,Elizabeth Hartman,N,Actress,1965
1465,Simone Signoret,N,Actress,1965
1466,Martin Balsam,Y,Supporting Actor,1965
1467,Ian Bannen,N,Supporting Actor,1965
1468,Tom Courtenay,N,Supporting Actor,1965
1469,Michael Dunn,N,Supporting Actor,1965
1470,Frank Finlay,N,Supporting Actor,1965
1471,Shelley Winters,Y,Supporting Actress,1965
1472,Ruth Gordon,N,Supporting Actress,1965
1473,Joyce Redman,N,Supporting Actress,1965
1474,Maggie Smith,N,Supporting Actress,1965
1475,Peggy Wood,N,Supporting Actress,1965
1476,My Fair Lady,Y,Picture,1964
1477,Becket,N,Picture,1964
1478,Dr. Strangelove or: How I Learned to Stop Worrying and Love the Bomb,N,Picture,1964
1479,Mary Poppins,N,Picture,1964
1480,Zorba the Greek,N,Picture,1964
1481,Rex Harrison,Y,Actor,1964
1482,Richard Burton,N,Actor,1964
1483,Peter O'Toole,N,Actor,1964
1484,Anthony Quinn,N,Actor,1964
1485,Peter Sellers,N,Actor,1964
1486,Julie Andrews,Y,Actress,1964
1487,Anne Bancroft,N,Actress,1964
1488,Sophia Loren,N,Actress,1964
1489,Debbie Reynolds,N,Actress,1964
1490,Kim Stanley,N,Actress,1964
1491,Peter Ustinov,Y,Supporting Actor,1964
1492,John Gielgud,N,Supporting Actor,1964
1493,Stanley Holloway,N,Supporting Actor,1964
1494,Edmond O'Brien,N,Supporting Actor,1964
1495,Lee Tracy,N,Supporting Actor,1964
1496,Lila Kedrova,Y,Supporting Actress,1964
1497,Gladys Cooper,N,Supporting Actress,1964
1498,Edith Evans,N,Supporting Actress,1964
1499,Grayson Hall,N,Supporting Actress,1964
1500,Agnes Moorehead,N,Supporting Actress,1964
1501,Tom Jones,Y,Picture,1963
1502,"America, America",N,Picture,1963
1503,Cleopatra,N,Picture,1963
1504,How the West Was Won,N,Picture,1963
1505,Lilies of the Field,N,Picture,1963
1506,Sidney Poitier,Y,Actor,1963
1507,Albert Finney,N,Actor,1963
1508,Richard Harris,N,Actor,1963
1509,Rex Harrison,N,Actor,1963
1510,Paul Newman,N,Actor,1963
1511,Patricia Neal,Y,Actress,1963
1512,Leslie Caron,N,Actress,1963
1513,Shirley MacLaine,N,Actress,1963
1514,Rachel Roberts,N,Actress,1963
1515,Natalie Wood,N,Actress,1963
1516,Melvyn Douglas,Y,Supporting Actor,1963
1517,Nick Adams,N,Supporting Actor,1963
1518,Bobby Darin,N,Supporting Actor,1963
1519,Hugh Griffith,N,Supporting Actor,1963
1520,John Huston,N,Supporting Actor,1963
1521,Margaret Rutherford,Y,Supporting Actress,1963
1522,Diane Cilento,N,Supporting Actress,1963
1523,Edith Evans,N,Supporting Actress,1963
1524,Joyce Redman,N,Supporting Actress,1963
1525,Lilia Skala,N,Supporting Actress,1963
1526,Lawrence of Arabia,Y,Picture,1962
1527,Mutiny on the Bounty,N,Picture,1962
1528,The Longest Day,N,Picture,1962
1529,The Music Man,N,Picture,1962
1530,To Kill a Mockingbird,N,Picture,1962
1531,Gregory Peck,Y,Actor,1962
1532,Burt Lancaster,N,Actor,1962
1533,Jack Lemmon,N,Actor,1962
1534,Marcello Mastroianni,N,Actor,1962
1535,Peter O'Toole,N,Actor,1962
1536,Anne Bancroft,Y,Actress,1962
1537,Bette Davis,N,Actress,1962
1538,Katharine Hepburn,N,Actress,1962
1539,Geraldine Page,N,Actress,1962
1540,Lee Remick,N,Actress,1962
1541,Ed Begley,Y,Supporting Actor,1962
1542,Victor Buono,N,Supporting Actor,1962
1543,Telly Savalas,N,Supporting Actor,1962
1544,Omar Sharif,N,Supporting Actor,1962
1545,Terence Stamp,N,Supporting Actor,1962
1546,Patty Duke,Y,Supporting Actress,1962
1547,Mary Badham,N,Supporting Actress,1962
1548,Shirley Knight,N,Supporting Actress,1962
1549,Angela Lansbury,N,Supporting Actress,1962
1550,Thelma Ritter,N,Supporting Actress,1962
1551,West Side Story,Y,Picture,1961
1552,Fanny,N,Picture,1961
1553,Judgment at Nuremberg,N,Picture,1961
1554,The Guns of Navarone,N,Picture,1961
1555,The Hustler,N,Picture,1961
1556,Maximilian Schell,Y,Actor,1961
1557,Charles Boyer,N,Actor,1961
1558,Paul Newman,N,Actor,1961
1559,Spencer Tracy,N,Actor,1961
1560,Stuart Whitman,N,Actor,1961
1561,Sophia Loren,Y,Actress,1961
1562,Audrey Hepburn,N,Actress,1961
1563,Piper Laurie,N,Actress,1961
1564,Geraldine Page,N,Actress,1961
1565,Natalie Wood,N,Actress,1961
1566,George Chakiris,Y,Supporting Actor,1961
1567,Montgomery Clift,N,Supporting Actor,1961
1568,Peter Falk,N,Supporting Actor,1961
1569,Jackie Gleason,N,Supporting Actor,1961
1570,George C. Scott,N,Supporting Actor,1961
1571,Rita Moreno,Y,Supporting Actress,1961
1572,Fay Bainter,N,Supporting Actress,1961
1573,Judy Garland,N,Supporting Actress,1961
1574,Lotte Lenya,N,Supporting Actress,1961
1575,Una Merkel,N,Supporting Actress,1961
1576,The Apartment,Y,Picture,1960
1577,Elmer Gantry,N,Picture,1960
1578,Sons and Lovers,N,Picture,1960
1579,The Alamo,N,Picture,1960
1580,The Sundowners,N,Picture,1960
1581,Burt Lancaster,Y,Actor,1960
1582,Trevor Howard,N,Actor,1960
1583,Jack Lemmon,N,Actor,1960
1584,Laurence Olivier,N,Actor,1960
1585,Spencer Tracy,N,Actor,1960
1586,Elizabeth Taylor,Y,Actress,1960
1587,Greer Garson,N,Actress,1960
1588,Deborah Kerr,N,Actress,1960
1589,Shirley MacLaine,N,Actress,1960
1590,Melina Mercouri,N,Actress,1960
1591,Peter Ustinov,Y,Supporting Actor,1960
1592,Peter Falk,N,Supporting Actor,1960
1593,Jack Kruschen,N,Supporting Actor,1960
1594,Sal Mineo,N,Supporting Actor,1960
1595,Chill Wills,N,Supporting Actor,1960
1596,Shirley Jones,Y,Supporting Actress,1960
1597,Glynis Johns,N,Supporting Actress,1960
1598,Shirley Knight,N,Supporting Actress,1960
1599,Janet Leigh,N,Supporting Actress,1960
1600,Mary Ure,N,Supporting Actress,1960
1601,Ben-Hur,Y,Picture,1959
1602,Anatomy of a Murder,N,Picture,1959
1603,Room at the Top,N,Picture,1959
1604,The Diary of Anne Frank,N,Picture,1959
1605,The Nun's Story,N,Picture,1959
1606,Charlton Heston,Y,Actor,1959
1607,Laurence Harvey,N,Actor,1959
1608,Jack Lemmon,N,Actor,1959
1609,Paul Muni,N,Actor,1959
1610,James Stewart,N,Actor,1959
1611,Simone Signoret,Y,Actress,1959
1612,Doris Day,N,Actress,1959
1613,Audrey Hepburn,N,Actress,1959
1614,Katharine Hepburn,N,Actress,1959
1615,Elizabeth Taylor,N,Actress,1959
1616,Hugh Griffith,Y,Supporting Actor,1959
1617,Arthur O'Connell,N,Supporting Actor,1959
1618,George C. Scott,N,Supporting Actor,1959
1619,Robert Vaughn,N,Supporting Actor,1959
1620,Ed Wynn,N,Supporting Actor,1959
1621,Shelley Winters,Y,Supporting Actress,1959
1622,Hermione Baddeley,N,Supporting Actress,1959
1623,Susan Kohner,N,Supporting Actress,1959
1624,Juanita Moore,N,Supporting Actress,1959
1625,Thelma Ritter,N,Supporting Actress,1959
1626,Gigi,Y,Picture,1958
1627,Auntie Mame,N,Picture,1958
1628,Cat on a Hot Tin Roof,N,Picture,1958
1629,Separate Tables,N,Picture,1958
1630,The Defiant Ones,N,Picture,1958
1631,David Niven,Y,Actor,1958
1632,Tony Curtis,N,Actor,1958
1633,Paul Newman,N,Actor,1958
1634,Sidney Poitier,N,Actor,1958
1635,Spencer Tracy,N,Actor,1958
1636,Susan Hayward,Y,Actress,1958
1637,Deborah Kerr,N,Actress,1958
1638,Shirley MacLaine,N,Actress,1958
1639,Rosalind Russell,N,Actress,1958
1640,Elizabeth Taylor,N,Actress,1958
1641,Burl Ives,Y,Supporting Actor,1958
1642,Theodore Bikel,N,Supporting Actor,1958
1643,Lee J. Cobb,N,Supporting Actor,1958
1644,Arthur Kennedy,N,Supporting Actor,1958
1645,Gig Young,N,Supporting Actor,1958
1646,Wendy Hiller,Y,Supporting Actress,1958
1647,Peggy Cass,N,Supporting Actress,1958
1648,Martha Hyer,N,Supporting Actress,1958
1649,Maureen Stapleton,N,Supporting Actress,1958
1650,Cara Williams,N,Supporting Actress,1958
1651,The Bridge on the River Kwai,Y,Picture,1957
1652,12 Angry Men,N,Picture,1957
1653,Peyton Place,N,Picture,1957
1654,Sayonara,N,Picture,1957
1655,Witness for the Prosecution,N,Picture,1957
1656,Alec Guinness,Y,Actor,1957
1657,Marlon Brando,N,Actor,1957
1658,Anthony Franciosa,N,Actor,1957
1659,Charles Laughton,N,Actor,1957
1660,Anthony Quinn,N,Actor,1957
1661,Joanne Woodward,Y,Actress,1957
1662,Deborah Kerr,N,Actress,1957
1663,Anna Magnani,N,Actress,1957
1664,Elizabeth Taylor,N,Actress,1957
1665,Lana Turner,N,Actress,1957
1666,Red Buttons,Y,Supporting Actor,1957
1667,Vittorio De Sica,N,Supporting Actor,1957
1668,Sessue Hayakawa,N,Supporting Actor,1957
1669,Arthur Kennedy,N,Supporting Actor,1957
1670,Russ Tamblyn,N,Supporting Actor,1957
1671,Miyoshi Umeki,Y,Supporting Actress,1957
1672,Carolyn Jones,N,Supporting Actress,1957
1673,Elsa Lanchester,N,Supporting Actress,1957
1674,Hope Lange,N,Supporting Actress,1957
1675,Diane Varsi,N,Supporting Actress,1957
1676,Around the World in 80 Days,Y,Picture,1956
1677,Friendly Persuasion,N,Picture,1956
1678,Giant,N,Picture,1956
1679,The King and I,N,Picture,1956
1680,The Ten Commandments,N,Picture,1956
1681,Yul Brynner,Y,Actor,1956
1682,James Dean,N,Actor,1956
1683,Kirk Douglas,N,Actor,1956
1684,Rock Hudson,N,Actor,1956
1685,Laurence Olivier,N,Actor,1956
1686,Ingrid Bergman,Y,Actress,1956
1687,Carroll Baker,N,Actress,1956
1688,Katharine Hepburn,N,Actress,1956
1689,Nancy Kelly,N,Actress,1956
1690,Deborah Kerr,N,Actress,1956
1691,Anthony Quinn,Y,Supporting Actor,1956
1692,Don Murray,N,Supporting Actor,1956
1693,Anthony Perkins,N,Supporting Actor,1956
1694,Mickey Rooney,N,Supporting Actor,1956
1695,Robert Stack,N,Supporting Actor,1956
1696,Dorothy Malone,Y,Supporting Actress,1956
1697,Mildred Dunnock,N,Supporting Actress,1956
1698,Eileen Heckart,N,Supporting Actress,1956
1699,Mercedes McCambridge,N,Supporting Actress,1956
1700,Patty McCormack,N,Supporting Actress,1956
1701,Marty,Y,Picture,1955
1702,Love Is a Many-Splendored Thing,N,Picture,1955
1703,Mister Roberts,N,Picture,1955
1704,Picnic,N,Picture,1955
1705,The Rose Tattoo,N,Picture,1955
1706,Ernest Borgnine,Y,Actor,1955
1707,James Cagney,N,Actor,1955
1708,James Dean,N,Actor,1955
1709,Frank Sinatra,N,Actor,1955
1710,Spencer Tracy,N,Actor,1955
1711,Anna Magnani,Y,Actress,1955
1712,Susan Hayward,N,Actress,1955
1713,Katharine Hepburn,N,Actress,1955
1714,Jennifer Jones,N,Actress,1955
1715,Eleanor Parker,N,Actress,1955
1716,Jack Lemmon,Y,Supporting Actor,1955
1717,Arthur Kennedy,N,Supporting Actor,1955
1718,Joe Mantell,N,Supporting Actor,1955
1719,Sal Mineo,N,Supporting Actor,1955
1720,Arthur O'Connell,N,Supporting Actor,1955
1721,Jo Van Fleet,Y,Supporting Actress,1955
1722,Betsy Blair,N,Supporting Actress,1955
1723,Peggy Lee,N,Supporting Actress,1955
1724,Marisa Pavan,N,Supporting Actress,1955
1725,Natalie Wood,N,Supporting Actress,1955
1726,On the Waterfront,Y,Picture,1954
1727,Seven Brides for Seven Brothers,N,Picture,1954
1728,The Caine Mutiny,N,Picture,1954
1729,The Country Girl,N,Picture,1954
1730,Three Coins in the Fountain,N,Picture,1954
1731,Marlon Brando,Y,Actor,1954
1732,Humphrey Bogart,N,Actor,1954
1733,Bing Crosby,N,Actor,1954
1734,James Mason,N,Actor,1954
1735,Dan O'Herlihy,N,Actor,1954
1736,Grace Kelly,Y,Actress,1954
1737,Dorothy Dandridge,N,Actress,1954
1738,Judy Garland,N,Actress,1954
1739,Audrey Hepburn,N,Actress,1954
1740,Jane Wyman,N,Actress,1954
1741,Edmond O'Brien,Y,Supporting Actor,1954
1742,Lee J. Cobb,N,Supporting Actor,1954
1743,Karl Malden,N,Supporting Actor,1954
1744,Rod Steiger,N,Supporting Actor,1954
1745,Tom Tully,N,Supporting Actor,1954
1746,Eva Marie Saint,Y,Supporting Actress,1954
1747,Nina Foch,N,Supporting Actress,1954
1748,Katy Jurado,N,Supporting Actress,1954
1749,Jan Sterling,N,Supporting Actress,1954
1750,Claire Trevor,N,Supporting Actress,1954
1751,From Here to Eternity,Y,Picture,1953
1752,Julius Caesar,N,Picture,1953
1753,Roman Holiday,N,Picture,1953
1754,Shane,N,Picture,1953
1755,The Robe,N,Picture,1953
1756,William Holden,Y,Actor,1953
1757,Marlon Brando,N,Actor,1953
1758,Richard Burton,N,Actor,1953
1759,Montgomery Clift,N,Actor,1953
1760,Burt Lancaster,N,Actor,1953
1761,Audrey Hepburn,Y,Actress,1953
1762,Leslie Caron,N,Actress,1953
1763,Ava Gardner,N,Actress,1953
1764,Deborah Kerr,N,Actress,1953
1765,Maggie McNamara,N,Actress,1953
1766,Frank Sinatra,Y,Supporting Actor,1953
1767,Eddie Albert,N,Supporting Actor,1953
1768,Brandon deWilde,N,Supporting Actor,1953
1769,Jack Palance,N,Supporting Actor,1953
1770,Robert Strauss,N,Supporting Actor,1953
1771,Donna Reed,Y,Supporting Actress,1953
1772,Grace Kelly,N,Supporting Actress,1953
1773,Geraldine Page,N,Supporting Actress,1953
1774,Marjorie Rambeau,N,Supporting Actress,1953
1775,Thelma Ritter,N,Supporting Actress,1953
1776,The Greatest Show on Earth,Y,Picture,1952
1777,High Noon,N,Picture,1952
1778,Ivanhoe,N,Picture,1952
1779,Moulin Rouge,N,Picture,1952
1780,The Quiet Man,N,Picture,1952
1781,Gary Cooper,Y,Actor,1952
1782,Marlon Brando,N,Actor,1952
1783,Kirk Douglas,N,Actor,1952
1784,Jose Ferrer,N,Actor,1952
1785,Alec Guinness,N,Actor,1952
1786,Shirley Booth,Y,Actress,1952
1787,Joan Crawford,N,Actress,1952
1788,Bette Davis,N,Actress,1952
1789,Julie Harris,N,Actress,1952
1790,Susan Hayward,N,Actress,1952
1791,Anthony Quinn,Y,Supporting Actor,1952
1792,Richard Burton,N,Supporting Actor,1952
1793,Arthur Hunnicutt,N,Supporting Actor,1952
1794,Victor McLaglen,N,Supporting Actor,1952
1795,Jack Palance,N,Supporting Actor,1952
1796,Gloria Grahame,Y,Supporting Actress,1952
1797,Jean Hagen,N,Supporting Actress,1952
1798,Colette Marchand,N,Supporting Actress,1952
1799,Terry Moore,N,Supporting Actress,1952
1800,Thelma Ritter,N,Supporting Actress,1952
1801,An American in Paris,Y,Picture,1951
1802,A Place in the Sun,N,Picture,1951
1803,A Streetcar Named Desire,N,Picture,1951
1804,Decision Before Dawn,N,Picture,1951
1805,Quo Vadis,N,Picture,1951
1806,Humphrey Bogart,Y,Actor,1951
1807,Marlon Brando,N,Actor,1951
1808,Montgomery Clift,N,Actor,1951
1809,Arthur Kennedy,N,Actor,1951
1810,Fredric March,N,Actor,1951
1811,Vivien Leigh,Y,Actress,1951
1812,Katharine Hepburn,N,Actress,1951
1813,Eleanor Parker,N,Actress,1951
1814,Shelley Winters,N,Actress,1951
1815,Jane Wyman,N,Actress,1951
1816,Karl Malden,Y,Supporting Actor,1951
1817,Leo Genn,N,Supporting Actor,1951
1818,Kevin McCarthy,N,Supporting Actor,1951
1819,Peter Ustinov,N,Supporting Actor,1951
1820,Gig Young,N,Supporting Actor,1951
1821,Kim Hunter,Y,Supporting Actress,1951
1822,Joan Blondell,N,Supporting Actress,1951
1823,Mildred Dunnock,N,Supporting Actress,1951
1824,Lee Grant,N,Supporting Actress,1951
1825,Thelma Ritter,N,Supporting Actress,1951
1826,All About Eve,Y,Picture,1950
1827,Born Yesterday,N,Picture,1950
1828,Father of the Bride,N,Picture,1950
1829,King Solomon's Mines,N,Picture,1950
1830,Sunset Boulevard,N,Picture,1950
1831,Jose Ferrer,Y,Actor,1950
1832,Louis Calhern,N,Actor,1950
1833,William Holden,N,Actor,1950
1834,James Stewart,N,Actor,1950
1835,Spencer Tracy,N,Actor,1950
1836,Judy Holliday,Y,Actress,1950
1837,Anne Baxter,N,Actress,1950
1838,Bette Davis,N,Actress,1950
1839,Eleanor Parker,N,Actress,1950
1840,Gloria Swanson,N,Actress,1950
1841,George Sanders,Y,Supporting Actor,1950
1842,Jeff Chandler,N,Supporting Actor,1950
1843,Edmund Gwenn,N,Supporting Actor,1950
1844,Sam Jaffe,N,Supporting Actor,1950
1845,Erich von Stroheim,N,Supporting Actor,1950
1846,Josephine Hull,Y,Supporting Actress,1950
1847,Hope Emerson,N,Supporting Actress,1950
1848,Celeste Holm,N,Supporting Actress,1950
1849,Nancy Olson,N,Supporting Actress,1950
1850,Thelma Ritter,N,Supporting Actress,1950
1851,All the King's Men,Y,Picture,1949
1852,A Letter to Three Wives,N,Picture,1949
1853,Battleground,N,Picture,1949
1854,The Heiress,N,Picture,1949
1855,Twelve O'Clock High,N,Picture,1949
1856,Broderick Crawford,Y,Actor,1949
1857,Kirk Douglas,N,Actor,1949
1858,Gregory Peck,N,Actor,1949
1859,Richard Todd,N,Actor,1949
1860,John Wayne,N,Actor,1949
1861,Olivia de Havilland,Y,Actress,1949
1862,Jeanne Crain,N,Actress,1949
1863,Susan Hayward,N,Actress,1949
1864,Deborah Kerr,N,Actress,1949
1865,Loretta Young,N,Actress,1949
1866,Dean Jagger,Y,Supporting Actor,1949
1867,John Ireland,N,Supporting Actor,1949
1868,Arthur Kennedy,N,Supporting Actor,1949
1869,Ralph Richardson,N,Supporting Actor,1949
1870,James Whitmore,N,Supporting Actor,1949
1871,Mercedes McCambridge,Y,Supporting Actress,1949
1872,Ethel Barrymore,N,Supporting Actress,1949
1873,Celeste Holm,N,Supporting Actress,1949
1874,Elsa Lanchester,N,Supporting Actress,1949
1875,Ethel Waters,N,Supporting Actress,1949
1876,Hamlet,Y,Picture,1948
1877,Johnny Belinda,N,Picture,1948
1878,The Red Shoes,N,Picture,1948
1879,The Snake Pit,N,Picture,1948
1880,The Treasure of the Sierra Madre,N,Picture,1948
1881,Laurence Olivier,Y,Actor,1948
1882,Lew Ayres,N,Actor,1948
1883,Montgomery Clift,N,Actor,1948
1884,Dan Dailey,N,Actor,1948
1885,Clifton Webb,N,Actor,1948
1886,Jane Wyman,Y,Actress,1948
1887,Ingrid Bergman,N,Actress,1948
1888,Olivia de Havilland,N,Actress,1948
1889,Irene Dunne,N,Actress,1948
1890,Barbara Stanwyck,N,Actress,1948
1891,Walter Huston,Y,Supporting Actor,1948
1892,Charles Bickford,N,Supporting Actor,1948
1893,Jose Ferrer,N,Supporting Actor,1948
1894,Oskar Homolka,N,Supporting Actor,1948
1895,Cecil Kellaway,N,Supporting Actor,1948
1896,Claire Trevor,Y,Supporting Actress,1948
1897,Ellen Corby,N,Supporting Actress,1948
1898,Barbara Bel Geddes,N,Supporting Actress,1948
1899,Agnes Moorehead,N,Supporting Actress,1948
1900,Jean Simmons,N,Supporting Actress,1948
1901,Gentleman's Agreement,Y,Picture,1947
1902,Crossfire,N,Picture,1947
1903,Great Expectations,N,Picture,1947
1904,Miracle on 34th Street,N,Picture,1947
1905,The Bishop's Wife,N,Picture,1947
1906,Ronald Colman,Y,Actor,1947
1907,John Garfield,N,Actor,1947
1908,Gregory Peck,N,Actor,1947
1909,William Powell,N,Actor,1947
1910,Michael Redgrave,N,Actor,1947
1911,Loretta Young,Y,Actress,1947
1912,Joan Crawford,N,Actress,1947
1913,Susan Hayward,N,Actress,1947
1914,Dorothy McGuire,N,Actress,1947
1915,Rosalind Russell,N,Actress,1947
1916,Edmund Gwenn,Y,Supporting Actor,1947
1917,Charles Bickford,N,Supporting Actor,1947
1918,Thomas Gomez,N,Supporting Actor,1947
1919,Robert Ryan,N,Supporting Actor,1947
1920,Richard Widmark,N,Supporting Actor,1947
1921,Celeste Holm,Y,Supporting Actress,1947
1922,Ethel Barrymore,N,Supporting Actress,1947
1923,Gloria Grahame,N,Supporting Actress,1947
1924,Marjorie Main,N,Supporting Actress,1947
1925,Anne Revere,N,Supporting Actress,1947
1926,The Best Years of Our Lives,Y,Picture,1946
1927,Henry V,N,Picture,1946
1928,It's a Wonderful Life,N,Picture,1946
1929,The Razor's Edge,N,Picture,1946
1930,The Yearling,N,Picture,1946
1931,Fredric March,Y,Actor,1946
1932,Laurence Olivier,N,Actor,1946
1933,Larry Parks,N,Actor,1946
1934,Gregory Peck,N,Actor,1946
1935,James Stewart,N,Actor,1946
1936,Olivia de Havilland,Y,Actress,1946
1937,Celia Johnson,N,Actress,1946
1938,Jennifer Jones,N,Actress,1946
1939,Rosalind Russell,N,Actress,1946
1940,Jane Wyman,N,Actress,1946
1941,Harold Russell,Y,Supporting Actor,1946
1942,Charles Coburn,N,Supporting Actor,1946
1943,William Demarest,N,Supporting Actor,1946
1944,Claude Rains,N,Supporting Actor,1946
1945,Clifton Webb,N,Supporting Actor,1946
1946,Anne Baxter,Y,Supporting Actress,1946
1947,Ethel Barrymore,N,Supporting Actress,1946
1948,Lillian Gish,N,Supporting Actress,1946
1949,Flora Robson,N,Supporting Actress,1946
1950,Gale Sondergaard,N,Supporting Actress,1946
1951,The Lost Weekend,Y,Picture,1945
1952,Anchors Aweigh,N,Picture,1945
1953,Mildred Pierce,N,Picture,1945
1954,Spellbound,N,Picture,1945
1955,The Bells of St. Mary's,N,Picture,1945
1956,Ray Milland,Y,Actor,1945
1957,Bing Crosby,N,Actor,1945
1958,Gene Kelly,N,Actor,1945
1959,Gregory Peck,N,Actor,1945
1960,Cornel Wilde,N,Actor,1945
1961,Joan Crawford,Y,Actress,1945
1962,Ingrid Bergman,N,Actress,1945
1963,Greer Garson,N,Actress,1945
1964,Jennifer Jones,N,Actress,1945
1965,Gene Tierney,N,Actress,1945
1966,James Dunn,Y,Supporting Actor,1945
1967,Michael Chekhov,N,Supporting Actor,1945
1968,John Dall,N,Supporting Actor,1945
1969,Robert Mitchum,N,Supporting Actor,1945
1970,J. Carrol Naish,N,Supporting Actor,1945
1971,Anne Revere,Y,Supporting Actress,1945
1972,Eve Arden,N,Supporting Actress,1945
1973,Ann Blyth,N,Supporting Actress,1945
1974,Angela Lansbury,N,Supporting Actress,1945
1975,Joan Lorring,N,Supporting Actress,1945
1976,Going My Way,Y,Picture,1944
1977,Double Indemnity,N,Picture,1944
1978,Gaslight,N,Picture,1944
1979,Since You Went Away,N,Picture,1944
1980,Wilson,N,Picture,1944
1981,Bing Crosby,Y,Actor,1944
1982,Charles Boyer,N,Actor,1944
1983,Barry Fitzgerald,N,Actor,1944
1984,Cary Grant,N,Actor,1944
1985,Alexander Knox,N,Actor,1944
1986,Ingrid Bergman,Y,Actress,1944
1987,Claudette Colbert,N,Actress,1944
1988,Bette Davis,N,Actress,1944
1989,Greer Garson,N,Actress,1944
1990,Barbara Stanwyck,N,Actress,1944
1991,Barry Fitzgerald,Y,Supporting Actor,1944
1992,Hume Cronyn,N,Supporting Actor,1944
1993,Claude Rains,N,Supporting Actor,1944
1994,Clifton Webb,N,Supporting Actor,1944
1995,Monty Woolley,N,Supporting Actor,1944
1996,Ethel Barrymore,Y,Supporting Actress,1944
1997,Jennifer Jones,N,Supporting Actress,1944
1998,Angela Lansbury,N,Supporting Actress,1944
1999,Aline MacMahon,N,Supporting Actress,1944
2000,Agnes Moorehead,N,Supporting Actress,1944
2001,Casablanca,Y,Picture,1943
2002,For Whom the Bell Tolls,N,Picture,1943
2003,Heaven Can Wait,N,Picture,1943
2004,In Which We Serve,N,Picture,1943
2005,Madame Curie,N,Picture,1943
2006,The Human Comedy,N,Picture,1943
2007,The More the Merrier,N,Picture,1943
2008,The Ox-Bow Incident,N,Picture,1943
2009,The Song of Bernadette,N,Picture,1943
2010,Watch on the Rhine,N,Picture,1943
2011,Paul Lukas,Y,Actor,1943
2012,Humphrey Bogart,N,Actor,1943
2013,Gary Cooper,N,Actor,1943
2014,Walter Pidgeon,N,Actor,1943
2015,Mickey Rooney,N,Actor,1943
2016,Jennifer Jones,Y,Actress,1943
2017,Jean Arthur,N,Actress,1943
2018,Ingrid Bergman,N,Actress,1943
2019,Joan Fontaine,N,Actress,1943
2020,Greer Garson,N,Actress,1943
2021,Charles Coburn,Y,Supporting Actor,1943
2022,Charles Bickford,N,Supporting Actor,1943
2023,J. Carrol Naish,N,Supporting Actor,1943
2024,Claude Rains,N,Supporting Actor,1943
2025,Akim Tamiroff,N,Supporting Actor,1943
2026,Katina Paxinou,Y,Supporting Actress,1943
2027,Gladys Cooper,N,Supporting Actress,1943
2028,Paulette Goddard,N,Supporting Actress,1943
2029,Anne Revere,N,Supporting Actress,1943
2030,Lucile Watson,N,Supporting Actress,1943
2031,Mrs. Miniver,Y,Picture,1942
2032,49th Parallel,N,Picture,1942
2033,Kings Row,N,Picture,1942
2034,Random Harvest,N,Picture,1942
2035,The Magnificent Ambersons,N,Picture,1942
2036,The Pied Piper,N,Picture,1942
2037,The Pride of the Yankees,N,Picture,1942
2038,The Talk of the Town,N,Picture,1942
2039,Wake Island,N,Picture,1942
2040,Yankee Doodle Dandy,N,Picture,1942
2041,James Cagney,Y,Actor,1942
2042,Ronald Colman,N,Actor,1942
2043,Gary Cooper,N,Actor,1942
2044,Walter Pidgeon,N,Actor,1942
2045,Monty Woolley,N,Actor,1942
2046,Greer Garson,Y,Actress,1942
2047,Bette Davis,N,Actress,1942
2048,Katharine Hepburn,N,Actress,1942
2049,Rosalind Russell,N,Actress,1942
2050,Teresa Wright,N,Actress,1942
2051,Van Heflin,Y,Supporting Actor,1942
2052,William Bendix,N,Supporting Actor,1942
2053,Walter Huston,N,Supporting Actor,1942
2054,Frank Morgan,N,Supporting Actor,1942
2055,Henry Travers,N,Supporting Actor,1942
2056,Teresa Wright,Y,Supporting Actress,1942
2057,Gladys Cooper,N,Supporting Actress,1942
2058,Agnes Moorehead,N,Supporting Actress,1942
2059,Susan Peters,N,Supporting Actress,1942
2060,May Whitty,N,Supporting Actress,1942
2061,How Green Was My Valley,Y,Picture,1941
2062,Blossoms in the Dust,N,Picture,1941
2063,Citizen Kane,N,Picture,1941
2064,Here Comes Mr. Jordan,N,Picture,1941
2065,Hold Back the Dawn,N,Picture,1941
2066,One Foot in Heaven,N,Picture,1941
2067,Sergeant York,N,Picture,1941
2068,Suspicion,N,Picture,1941
2069,The Little Foxes,N,Picture,1941
2070,The Maltese Falcon,N,Picture,1941
2071,Gary Cooper,Y,Actor,1941
2072,Cary Grant,N,Actor,1941
2073,Walter Huston,N,Actor,1941
2074,Robert Montgomery,N,Actor,1941
2075,Orson Welles,N,Actor,1941
2076,Joan Fontaine,Y,Actress,1941
2077,Bette Davis,N,Actress,1941
2078,Olivia de Havilland,N,Actress,1941
2079,Greer Garson,N,Actress,1941
2080,Barbara Stanwyck,N,Actress,1941
2081,Donald Crisp,Y,Supporting Actor,1941
2082,Walter Brennan,N,Supporting Actor,1941
2083,Charles Coburn,N,Supporting Actor,1941
2084,James Gleason,N,Supporting Actor,1941
2085,Sydney Greenstreet,N,Supporting Actor,1941
2086,Mary Astor,Y,Supporting Actress,1941
2087,Sara Allgood,N,Supporting Actress,1941
2088,Patricia Collinge,N,Supporting Actress,1941
2089,Teresa Wright,N,Supporting Actress,1941
2090,Margaret Wycherly,N,Supporting Actress,1941
2091,Rebecca,Y,Picture,1940
2092,"All This, and Heaven Too",N,Picture,1940
2093,Foreign Correspondent,N,Picture,1940
2094,Kitty Foyle,N,Picture,1940
2095,Our Town,N,Picture,1940
2096,The Grapes of Wrath,N,Picture,1940
2097,The Great Dictator,N,Picture,1940
2098,The Letter,N,Picture,1940
2099,The Long Voyage Home,N,Picture,1940
2100,The Philadelphia Story,N,Picture,1940
2101,James Stewart,Y,Actor,1940
2102,Charlie Chaplin,N,Actor,1940
2103,Henry Fonda,N,Actor,1940
2104,Raymond Massey,N,Actor,1940
2105,Laurence Olivier,N,Actor,1940
2106,Ginger Rogers,Y,Actress,1940
2107,Bette Davis,N,Actress,1940
2108,Joan Fontaine,N,Actress,1940
2109,Katharine Hepburn,N,Actress,1940
2110,Martha Scott,N,Actress,1940
2111,Walter Brennan,Y,Supporting Actor,1940
2112,Albert Bassermann,N,Supporting Actor,1940
2113,William Gargan,N,Supporting Actor,1940
2114,Jack Oakie,N,Supporting Actor,1940
2115,James Stephenson,N,Supporting Actor,1940
2116,Jane Darwell,Y,Supporting Actress,1940
2117,Judith Anderson,N,Supporting Actress,1940
2118,Ruth Hussey,N,Supporting Actress,1940
2119,Barbara O'Neil,N,Supporting Actress,1940
2120,Marjorie Rambeau,N,Supporting Actress,1940
2121,Gone with the Wind,Y,Picture,1939
2122,Dark Victory,N,Picture,1939
2123,"Goodbye, Mr. Chips",N,Picture,1939
2124,Love Affair,N,Picture,1939
2125,Mr. Smith Goes to Washington,N,Picture,1939
2126,Ninotchka,N,Picture,1939
2127,Of Mice and Men,N,Picture,1939
2128,Stagecoach,N,Picture,1939
2129,The Wizard of Oz,N,Picture,1939
2130,Wuthering Heights,N,Picture,1939
2131,Robert Donat,Y,Actor,1939
2132,Clark Gable,N,Actor,1939
2133,Laurence Olivier,N,Actor,1939
2134,Mickey Rooney,N,Actor,1939
2135,James Stewart,N,Actor,1939
2136,Vivien Leigh,Y,Actress,1939
2137,Bette Davis,N,Actress,1939
2138,Irene Dunne,N,Actress,1939
2139,Greta Garbo,N,Actress,1939
2140,Greer Garson,N,Actress,1939
2141,Thomas Mitchell,Y,Supporting Actor,1939
2142,Brian Aherne,N,Supporting Actor,1939
2143,Harry Carey,N,Supporting Actor,1939
2144,Brian Donlevy,N,Supporting Actor,1939
2145,Claude Rains,N,Supporting Actor,1939
2146,Hattie McDaniel,Y,Supporting Actress,1939
2147,Olivia de Havilland,N,Supporting Actress,1939
2148,Geraldine Fitzgerald,N,Supporting Actress,1939
2149,Edna May Oliver,N,Supporting Actress,1939
2150,Maria Ouspenskaya,N,Supporting Actress,1939
2151,You Can't Take It With You,Y,Picture,1938
2152,Alexander's Ragtime Band,N,Picture,1938
2153,Boys Town,N,Picture,1938
2154,Four Daughters,N,Picture,1938
2155,Grand Illusion,N,Picture,1938
2156,Jezebel,N,Picture,1938
2157,Pygmalion,N,Picture,1938
2158,Test Pilot,N,Picture,1938
2159,The Adventures of Robin Hood,N,Picture,1938
2160,The Citadel,N,Picture,1938
2161,Spencer Tracy,Y,Actor,1938
2162,Charles Boyer,N,Actor,1938
2163,James Cagney,N,Actor,1938
2164,Robert Donat,N,Actor,1938
2165,Leslie Howard,N,Actor,1938
2166,Bette Davis,Y,Actress,1938
2167,Fay Bainter,N,Actress,1938
2168,Wendy Hiller,N,Actress,1938
2169,Norma Shearer,N,Actress,1938
2170,Margaret Sullavan,N,Actress,1938
2171,Walter Brennan,Y,Supporting Actor,1938
2172,John Garfield,N,Supporting Actor,1938
2173,Gene Lockhart,N,Supporting Actor,1938
2174,Robert Morley,N,Supporting Actor,1938
2175,Basil Rathbone,N,Supporting Actor,1938
2176,Fay Bainter,Y,Supporting Actress,1938
2177,Beulah Bondi,N,Supporting Actress,1938
2178,Billie Burke,N,Supporting Actress,1938
2179,Spring Byington,N,Supporting Actress,1938
2180,Miliza Korjus,N,Supporting Actress,1938
2181,The Life of Emile Zola,Y,Picture,1937
2182,A Star Is Born,N,Picture,1937
2183,Captains Courageous,N,Picture,1937
2184,Dead End,N,Picture,1937
2185,In Old Chicago,N,Picture,1937
2186,Lost Horizon,N,Picture,1937
2187,One Hundred Men and a Girl,N,Picture,1937
2188,Stage Door,N,Picture,1937
2189,The Awful Truth,N,Picture,1937
2190,The Good Earth,N,Picture,1937
2191,Spencer Tracy,Y,Actor,1937
2192,Charles Boyer,N,Actor,1937
2193,Fredric March,N,Actor,1937
2194,Robert Montgomery,N,Actor,1937
2195,Paul Muni,N,Actor,1937
2196,Luise Rainer,Y,Actress,1937
2197,Irene Dunne,N,Actress,1937
2198,Greta Garbo,N,Actress,1937
2199,Janet Gaynor,N,Actress,1937
2200,Barbara Stanwyck,N,Actress,1937
2201,Joseph Schildkraut,Y,Supporting Actor,1937
2202,Ralph Bellamy,N,Supporting Actor,1937
2203,Thomas Mitchell,N,Supporting Actor,1937
2204,H. B. Warner,N,Supporting Actor,1937
2205,Roland Young,N,Supporting Actor,1937
2206,Alice Brady,Y,Supporting Actress,1937
2207,Andrea Leeds,N,Supporting Actress,1937
2208,Anne Shirley,N,Supporting Actress,1937
2209,Claire Trevor,N,Supporting Actress,1937
2210,May Whitty,N,Supporting Actress,1937
2211,The Great Ziegfeld,Y,Picture,1936
2212,A Tale of Two Cities,N,Picture,1936
2213,Anthony Adverse,N,Picture,1936
2214,Dodsworth,N,Picture,1936
2215,Libeled Lady,N,Picture,1936
2216,Mr. Deeds Goes to Town,N,Picture,1936
2217,Romeo and Juliet,N,Picture,1936
2218,San Francisco,N,Picture,1936
2219,The Story of Louis Pasteur,N,Picture,1936
2220,Three Smart Girls,N,Picture,1936
2221,Paul Muni,Y,Actor,1936
2222,Gary Cooper,N,Actor,1936
2223,Walter Huston,N,Actor,1936
2224,William Powell,N,Actor,1936
2225,Spencer Tracy,N,Actor,1936
2226,Luise Rainer,Y,Actress,1936
2227,Irene Dunne,N,Actress,1936
2228,Gladys George,N,Actress,1936
2229,Carole Lombard,N,Actress,1936
2230,Norma Shearer,N,Actress,1936
2231,Walter Brennan,Y,Supporting Actor,1936
2232,Mischa Auer,N,Supporting Actor,1936
2233,Stuart Erwin,N,Supporting Actor,1936
2234,Basil Rathbone,N,Supporting Actor,1936
2235,Akim Tamiroff,N,Supporting Actor,1936
2236,Gale Sondergaard,Y,Supporting Actress,1936
2237,Beulah Bondi,N,Supporting Actress,1936
2238,Alice Brady,N,Supporting Actress,1936
2239,Bonita Granville,N,Supporting Actress,1936
2240,Maria Ouspenskaya,N,Supporting Actress,1936
2241,Mutiny on the Bounty,Y,Picture,1935
2242,A Midsummer Night's Dream,N,Picture,1935
2243,Alice Adams,N,Picture,1935
2244,Broadway Melody of 1936,N,Picture,1935
2245,Captain Blood,N,Picture,1935
2246,David Copperfield,N,Picture,1935
2247,Les Misérables,N,Picture,1935
2248,Naughty Marietta,N,Picture,1935
2249,Ruggles of Red Gap,N,Picture,1935
2250,The Informer,N,Picture,1935
2251,The Lives of a Bengal Lancer,N,Picture,1935
2252,Top Hat,N,Picture,1935
2253,Victor McLaglen,Y,Actor,1935
2254,Clark Gable,N,Actor,1935
2255,Charles Laughton,N,Actor,1935
2256,Franchot Tone,N,Actor,1935
2257,Bette Davis,Y,Actress,1935
2258,Elisabeth Bergner,N,Actress,1935
2259,Claudette Colbert,N,Actress,1935
2260,Katharine Hepburn,N,Actress,1935
2261,Miriam Hopkins,N,Actress,1935
2262,Merle Oberon,N,Actress,1935
2263,It Happened One Night,Y,Picture,1934
2264,Cleopatra,N,Picture,1934
2265,Flirtation Walk,N,Picture,1934
2266,Here Comes the Navy,N,Picture,1934
2267,Imitation of Life,N,Picture,1934
2268,One Night of Love,N,Picture,1934
2269,The Barretts of Wimpole Street,N,Picture,1934
2270,The Gay Divorcee,N,Picture,1934
2271,The House of Rothschild,N,Picture,1934
2272,The Thin Man,N,Picture,1934
2273,The White Parade,N,Picture,1934
2274,Viva Villa!,N,Picture,1934
2275,Clark Gable,Y,Actor,1934
2276,Frank Morgan,N,Actor,1934
2277,William Powell,N,Actor,1934
2278,Claudette Colbert,Y,Actress,1934
2279,Bette Davis,N,Actress,1934
2280,Grace Moore,N,Actress,1934
2281,Norma Shearer,N,Actress,1934
2282,Cavalcade,Y,Picture,1933
2283,42nd Street,N,Picture,1933
2284,A Farewell to Arms,N,Picture,1933
2285,I Am a Fugitive from a Chain Gang,N,Picture,1933
2286,Lady for a Day,N,Picture,1933
2287,Little Women,N,Picture,1933
2288,She Done Him Wrong,N,Picture,1933
2289,Smilin' Through,N,Picture,1933
2290,State Fair,N,Picture,1933
2291,The Private Life of Henry VIII,N,Picture,1933
2292,Charles Laughton,Y,Actor,1933
2293,Leslie Howard,N,Actor,1933
2294,Paul Muni,N,Actor,1933
2295,Katharine Hepburn,Y,Actress,1933
2296,May Robson,N,Actress,1933
2297,Diana Wynyard,N,Actress,1933
2298,Grand Hotel,Y,Picture,1932
2299,Arrowsmith,N,Picture,1932
2300,Bad Girl,N,Picture,1932
2301,Five Star Final,N,Picture,1932
2302,One Hour with You,N,Picture,1932
2303,Shanghai Express,N,Picture,1932
2304,The Champ,N,Picture,1932
2305,The Smiling Lieutenant,N,Picture,1932
2306,Wallace Beery,Y,Actor,1932
2307,Fredric March,Y,Actor,1932
2308,Alfred Lunt,N,Actor,1932
2309,Helen Hayes,Y,Actress,1932
2310,Marie Dressler,N,Actress,1932
2311,Lynn Fontanne,N,Actress,1932
2312,Cimarron,Y,Picture,1931
2313,East Lynne,N,Picture,1931
2314,Skippy,N,Picture,1931
2315,The Front Page,N,Picture,1931
2316,Trader Horn,N,Picture,1931
2317,Lionel Barrymore,Y,Actor,1931
2318,Jackie Cooper,N,Actor,1931
2319,Richard Dix,N,Actor,1931
2320,Fredric March,N,Actor,1931
2321,Adolphe Menjou,N,Actor,1931
2322,Marie Dressler,Y,Actress,1931
2323,Marlene Dietrich,N,Actress,1931
2324,Irene Dunne,N,Actress,1931
2325,Ann Harding,N,Actress,1931
2326,Norma Shearer,N,Actress,1931
2327,All Quiet on the Western Front,Y,Picture,1930
2328,Disraeli,N,Picture,1930
2329,The Big House,N,Picture,1930
2330,The Divorcee,N,Picture,1930
2331,The Love Parade,N,Picture,1930
2332,George Arliss,Y,Actor,1930
2333,George Arliss,N,Actor,1930
2334,Wallace Beery,N,Actor,1930
2335,Maurice Chevalier,N,Actor,1930
2336,Maurice Chevalier,N,Actor,1930
2337,Ronald Colman,N,Actor,1930
2338,Ronald Colman,N,Actor,1930
2339,Lawrence Tibbett,N,Actor,1930
2340,Norma Shearer,Y,Actress,1930
2341,Nancy Carroll,N,Actress,1930
2342,Ruth Chatterton,N,Actress,1930
2343,Greta Garbo,N,Actress,1930
2344,Greta Garbo,N,Actress,1930
2345,Norma Shearer,N,Actress,1930
2346,Gloria Swanson,N,Actress,1930
2347,The Broadway Melody,Y,Picture,1929
2348,Alibi,N,Picture,1929
2349,In Old Arizona,N,Picture,1929
2350,The Hollywood Revue of 1929,N,Picture,1929
2351,The Patriot,N,Picture,1929
2352,Warner Baxter,Y,Actor,1929
2353,George Bancroft,N,Actor,1929
2354,Chester Morris,N,Actor,1929
2355,Paul Muni,N,Actor,1929
2356,Lewis Stone,N,Actor,1929
2357,Mary Pickford,Y,Actress,1929
2358,Ruth Chatterton,N,Actress,1929
2359,Betty Compson,N,Actress,1929
2360,Jeanne Eagels,N,Actress,1929
2361,Corinne Griffith,N,Actress,1929
2362,Bessie Love,N,Actress,1929
2363,Wings,Y,Picture,1928
2364,Seventh Heaven,N,Picture,1928
2365,The Racket,N,Picture,1928
2366,Emil Jannings,Y,Actor,1928
2367,Richard Barthelmess,N,Actor,1928
2368,Richard Barthelmess,N,Actor,1928
2369,Janet Gaynor,Y,Actress,1928
2370,Louise Dresser,N,Actress,1928
2371,Janet Gaynor,N,Actress,1928
2372,Janet Gaynor,N,Actress,1928
2373,Gloria Swanson,N,Actress,1928
